platform,stock_name,timestamp,post_id,data_index,title,comment
토스증권,삼성전자,2025-03-17T15:29:14+09:00,102478688,2,,시외 사고팔고 하네요.
토스증권,삼성전자,2025-03-17T15:29:05+09:00,102478676,3,시외..,57000로 끝나겠네
토스증권,삼성전자,2025-03-17T15:27:54+09:00,102478552,4,,동시호가 장난질 그만해라
토스증권,삼성전자,2025-03-17T15:27:47+09:00,102478538,5,,시외 가격 떨어졌네.
토스증권,삼성전자,2025-03-17T15:27:16+09:00,102478486,6,,내일 6만원 확정!
토스증권,삼성전자,2025-03-17T15:27:13+09:00,102478470,7,동시호가 ㅎㄷㄷ,200 만주도 안되는걸로 1000원을 빼네 ..
토스증권,삼성전자,2025-03-17T15:26:18+09:00,102478368,8,지금 왜 빠지는 거죠,아시는분
토스증권,삼성전자,2025-03-17T15:26:16+09:00,102478366,9,,이제 오를일만 남음
토스증권,삼성전자,2025-03-17T15:25:02+09:00,102478240,10,,"개미형들 매수하지마 버텨
개미 들어어는순간 또 나락간다
버티자"
토스증권,삼성전자,2025-03-17T15:24:53+09:00,102478222,11,,형들 안전밸트 꽉잡아!!!!!!
토스증권,삼성전자,2025-03-17T15:23:57+09:00,102478120,12,제가 팔았으니 횡보도 이제 마지막일거에요,급등 갑시다~
토스증권,삼성전자,2025-03-17T15:23:45+09:00,102478104,13,,지금 예상채결가에서 쭉 떨어지는 이유가 뭔가요
토스증권,삼성전자,2025-03-17T15:23:24+09:00,102478052,14,,동시호가에서 또 뒤통수 치네ㅋㅋ
토스증권,삼성전자,2025-03-17T15:22:36+09:00,102477958,15,이부근에서 산사람들은 여기서 팔아서 평생을 못먹음,"사고 본전기다리고 팔고
또 다른거 사고 본전기다리고
이렇게
주식하는
사람은
시간만 흐르고 잘해야 본전임
그럴바엔
어떻게 보면 파킹통장이랑 적금을 병행하는게
좋을거라 생각함"
토스증권,삼성전자,2025-03-17T15:21:39+09:00,102477864,16,,낼은 6가자
토스증권,삼성전자,2025-03-17T15:19:47+09:00,102477656,17,,내일 상승? 하락
토스증권,삼성전자,2025-03-17T15:19:28+09:00,102477600,18,,이러다가 569에서 마감 할 듯
토스증권,삼성전자,2025-03-17T15:19:23+09:00,102477594,19,,안팔고 버텼다
토스증권,삼성전자,2025-03-17T15:18:58+09:00,102477544,20,,내일되면또 천원 깍이겠지? 엌ㅋㅌㅋ
토스증권,삼성전자,2025-03-17T15:18:03+09:00,102477446,21,,약하다
토스증권,삼성전자,2025-03-17T15:14:50+09:00,102477130,22,,58000원에서 마무리하자잉
토스증권,삼성전자,2025-03-17T15:14:26+09:00,102477080,23,,재용만 이건희 아들 딸 중 홍라희 아들 아닌거 아는사람은 안다는 글도 봤고 친동생 참고서 하나 대학 못가게 하고 학원도 안보내고 사람들한테는 아마 공부를 못해서라고 할지도 자기만 호위호식 하는 사람 주식 안사주고 싶음
토스증권,삼성전자,2025-03-17T15:11:55+09:00,102476838,24,,이 무거운 주식이 하루 5% 흔치 않은데...
토스증권,삼성전자,2025-03-17T15:11:49+09:00,102476826,25,,힘빠졋다
토스증권,삼성전자,2025-03-17T15:11:37+09:00,102476812,26,,어어 와이라노
토스증권,삼성전자,2025-03-17T15:11:31+09:00,102476806,27,,또또 내리 꽂을라 하노ㅡㅡ
토스증권,삼성전자,2025-03-17T15:10:38+09:00,102476720,28,,사즉생 각오 - 주가 5퍼 뻠삥 국
토스증권,삼성전자,2025-03-17T15:10:14+09:00,102476682,29,불꽃펀펀 사기 광고 신고ㄱㄱ,도배하지마
토스증권,삼성전자,2025-03-17T15:08:45+09:00,102476490,30,,일단 님들 믿고 천만원 갑니다
토스증권,삼성전자,2025-03-17T15:06:43+09:00,102476254,31,,가지고 가느냐 파느냐 기로에 서네요
토스증권,삼성전자,2025-03-17T15:04:32+09:00,102476008,32,잠깐 이거 꿈인가요?,오늘 이른 아침에 자긴했는데 이게 꿈이라면 절 깨워주지 말아주세요
토스증권,삼성전자,2025-03-17T15:04:25+09:00,102475988,33,멀고도 험난할 길이 될겁니다,하지만 저는 이번년도 안으로 2025년 상반기쯤에 10만전자 근처까지 갈수있을거라 보고있습니다 당연히 6만 7만전자는 금방가겠죠 매도 추천가는 9만원대부터 매도 추천드립니다 계속 모아가세요 그리고 천천히 기다리세요 너무 걱정할필요없습니다
토스증권,삼성전자,2025-03-17T15:04:03+09:00,102475938,34,,지금 사도 되나요?
토스증권,삼성전자,2025-03-17T15:03:01+09:00,102475826,35,"외인,기관",개미가 모르는 정보가 있나~~~~~~
토스증권,삼성전자,2025-03-17T15:02:38+09:00,102475790,36,,그만좀붙혀넣기해임마
토스증권,삼성전자,2025-03-17T15:02:19+09:00,102475776,37,,궁금한게 탄핵 인용되면 오른다는 사람들은 근거가 뭐임??
토스증권,삼성전자,2025-03-17T15:02:15+09:00,102475766,38,내일상승할지?,"아쉽게매도했지만
욕심내지않을거야
오늘이끝이아니니까"
토스증권,삼성전자,2025-03-17T15:00:59+09:00,102475630,39,,뭐여 이이
토스증권,삼성전자,2025-03-17T14:58:53+09:00,102475388,40,슬슬 빼면 되겠다,"삼성은 52층에서 사서 57층에서 팔면 무조건 버는 주식임
난 분명 말했다"
토스증권,삼성전자,2025-03-17T14:58:43+09:00,102475382,41,오랜 시간의 인내,"드디어..오랜 시간의 인내 끝에 드디어 상승하네
탄핵인용만 제발 하지마라 그럼 진짜 다 된다"
토스증권,삼성전자,2025-03-17T14:58:00+09:00,102475298,42,,이러다 다시 원점으로 갈거 같습니다.
토스증권,삼성전자,2025-03-17T14:57:44+09:00,102475260,43,10만은 무조건 갈듯...,가즈아 삼전 갤럭시 !!!
토스증권,삼성전자,2025-03-17T14:57:10+09:00,102475190,44,,전고에서 부딫힌 저항선에서 싸움중이넹
토스증권,삼성전자,2025-03-17T14:54:53+09:00,102474844,45,,장하다 ❤️‍🔥 좀만 더 힘내봅시다 다들❤️‍🔥❤️‍🔥❤️‍🔥
토스증권,삼성전자,2025-03-17T14:54:08+09:00,102474738,46,,578 못뚤나;;
토스증권,삼성전자,2025-03-17T14:53:10+09:00,102474646,47,삼성전자,"저점 터치 후 반등성공
이제 10만전자를 향하여 묵묵히 전진~"
토스증권,삼성전자,2025-03-17T14:52:53+09:00,102474620,48,,삼전은 70만벽도 순삭이네.. 예사롭지않네
토스증권,삼성전자,2025-03-17T14:52:38+09:00,102474598,49,,확실한건 내일은 오를듯 진짜
토스증권,삼성전자,2025-03-17T14:51:30+09:00,102474490,50,,장 마감 다가오니 슬슬 떨어질라하네
토스증권,삼성전자,2025-03-17T14:50:12+09:00,102474356,51,2025년,"10만전자 도달할것입니다
2025년은 불장 🔥"
토스증권,삼성전자,2025-03-17T14:48:17+09:00,102474150,52,,"손절을 해야하나 말아야하나!!!

지금이라도 순절하면 10퍼센트 손실이야!

아니야 젠슨 황을 믿으면 7만전자도 가능할꺼야!!"
토스증권,삼성전자,2025-03-17T14:46:38+09:00,102473974,53,,지금도 힘이있어서 내칠수가없네
토스증권,삼성전자,2025-03-17T14:46:37+09:00,102473972,54,,치킨값 챙겼다
토스증권,삼성전자,2025-03-17T14:45:56+09:00,102473892,55,,삼전 6만가나
토스증권,삼성전자,2025-03-17T14:44:37+09:00,102473720,56,,지난주 휴장만 3일 였던가? 시작/종가가 같드만 오늘은 개장 한것 같네요. 이번주 5일만 개장하자..
토스증권,삼성전자,2025-03-17T14:43:14+09:00,102473576,57,손실인데 일부 정리했어요,지독한 삼또속에 당해서 ㅜ
토스증권,삼성전자,2025-03-17T14:42:50+09:00,102473538,58,,"진짜 하이닉스가 아니라 삼전인가

이상한데"
토스증권,삼성전자,2025-03-17T14:42:15+09:00,102473494,59,,와 아직도 힘이있네
토스증권,삼성전자,2025-03-17T14:41:45+09:00,102473458,60,,삼성맞아요?? 이런적이없어서 뮤섭넹....
토스증권,삼성전자,2025-03-17T14:41:04+09:00,102473398,61,,가자~어데고
토스증권,삼성전자,2025-03-17T14:40:25+09:00,102473338,62,가자!!,5.6층 가보자고!
토스증권,삼성전자,2025-03-17T14:39:10+09:00,102473242,63,,5%이상 올라서 과거기록찾아보니 다음날도 올랐네요 5%미만은 떨어진 경우가 많고
토스증권,삼성전자,2025-03-17T14:36:23+09:00,102473000,64,삼성 주주들의 선택은 ?!,둘중 하루 매수 해야한다면
토스증권,삼성전자,2025-03-17T14:36:00+09:00,102472942,65,,젠슨황이 별말안하면 다시 52층.. ㅜ
토스증권,삼성전자,2025-03-17T14:33:58+09:00,102472754,66,,와 어쩐 일이래 팔아야되나
토스증권,삼성전자,2025-03-17T14:29:31+09:00,102472340,67,,오르니 좋네~ 내리면 조금씩 매입할게^^
토스증권,삼성전자,2025-03-17T14:27:32+09:00,102472190,68,,거래량 1000만개 돌파ㄷㄷㄷ 내일은 우째될지 무습네
토스증권,삼성전자,2025-03-17T14:24:13+09:00,102471940,69,,6만원찍으면 팔려고 작년 11월쯤부터 분할매수 했는데 벌써 3월이네…ㅠㅠ
토스증권,삼성전자,2025-03-17T14:23:00+09:00,102471818,70,,"이래놓고 국장의 내일은
오늘 급상승분 반영하여
떨구겠죠"
토스증권,삼성전자,2025-03-17T14:22:54+09:00,102471814,71,,"영차~ 영차~
100원만더~
수익구간이다"
토스증권,삼성전자,2025-03-17T14:20:34+09:00,102471656,72,찌라시,ㄷㄷ
토스증권,삼성전자,2025-03-17T14:19:26+09:00,102471560,73,,쌀때 안사고 지금 왜사나..
토스증권,삼성전자,2025-03-17T14:19:17+09:00,102471544,74,,외인들이 오늘같이 내일도 아니 계속 매수세로 돌아와서 8만전자로 복구됬으면 좋겠습니다
토스증권,삼성전자,2025-03-17T14:17:41+09:00,102471428,75,,오늘 이렇게 오르고 내일 다시 떨굴려나 ᆢ불안
토스증권,삼성전자,2025-03-17T14:16:44+09:00,102471338,76,,오우 삼전 뭔일이래?
토스증권,삼성전자,2025-03-17T14:15:24+09:00,102471202,77,제발!,6만가자 가도 본전은 아니지만ㅋㅋㅋ
토스증권,삼성전자,2025-03-17T14:12:29+09:00,102470894,78,,1년을 기다렸다.. 6만 전자 가즈앗!
토스증권,삼성전자,2025-03-17T14:11:51+09:00,102470844,79,,재용이 삼촌 감사합니다 ^^
토스증권,삼성전자,2025-03-17T14:11:12+09:00,102470792,80,,"59,000 타고 넘을 때 사도 늦지않음"
토스증권,삼성전자,2025-03-17T14:09:42+09:00,102470694,81,,"본전되었는데
팔아야하나요?"
토스증권,삼성전자,2025-03-17T14:06:46+09:00,102470418,82,,7백8백9백 80 길이 험난하네
토스증권,삼성전자,2025-03-17T14:05:19+09:00,102470250,83,잠시만 요정도로...,5만 중만에 사서 먹튀...
토스증권,삼성전자,2025-03-17T14:04:30+09:00,102470178,84,,오~~~~~왠일
토스증권,삼성전자,2025-03-17T14:02:57+09:00,102470022,85,너무 잘올라ㅜㅜ,아까워요
토스증권,삼성전자,2025-03-17T14:00:48+09:00,102469814,86,,내일 어케 될지 몰라서 .. 고민되네
토스증권,삼성전자,2025-03-17T13:59:38+09:00,102469708,87,,잘버티네
토스증권,삼성전자,2025-03-17T13:58:59+09:00,102469656,88,삼전 집나간 외국인 들어왔다,돌아온거냐?!
토스증권,삼성전자,2025-03-17T13:57:44+09:00,102469532,89,,7층 살려주세요
토스증권,삼성전자,2025-03-17T13:56:42+09:00,102469430,90,,59000에 팔겠습니다..
토스증권,삼성전자,2025-03-17T13:53:41+09:00,102469116,91,,58에 주차하자 ㅋ
토스증권,삼성전자,2025-03-17T13:49:34+09:00,102468714,92,,"와! 드디어 빨강불 진입
이제 계속 가는 거다!!"
토스증권,삼성전자,2025-03-17T13:49:04+09:00,102468666,93,월요일,소소한수익
토스증권,삼성전자,2025-03-17T13:48:04+09:00,102468554,94,테슬라 400위에서산 흑두루미읍제??,껄껄
토스증권,삼성전자,2025-03-17T13:44:44+09:00,102468204,95,,내려가기없기
토스증권,삼성전자,2025-03-17T13:42:25+09:00,102467934,96,찍먹,담엔 과감히 투자해봐도 괜찮겠네요
토스증권,삼성전자,2025-03-17T13:41:20+09:00,102467814,97,,뜬금없이 뭔데!!
토스증권,삼성전자,2025-03-17T13:39:25+09:00,102467650,98,,개인들 물량 얼마나 많은거야
토스증권,삼성전자,2025-03-17T13:39:24+09:00,102467648,99,,키움진입
토스증권,삼성전자,2025-03-17T13:38:15+09:00,102467576,100,상승 ㄱㄱ,ㄱㄱ
토스증권,삼성전자,2025-03-17T13:37:23+09:00,102467504,101,영차영차,"영차영차
다같이 애국할때입니다 삼선이 서야 나라가선다 앗촤차"
토스증권,삼성전자,2025-03-17T13:36:25+09:00,102467412,102,,감사합니다. 익절^^^
토스증권,삼성전자,2025-03-17T13:36:17+09:00,102467398,103,,59000에 팔아야것다^^
토스증권,삼성전자,2025-03-17T13:35:55+09:00,102467368,104,,하루에 5퍼센트 상승이라...
토스증권,삼성전자,2025-03-17T13:34:44+09:00,102467248,105,,탈출 ~ 낼 다시 내리꽂는다
토스증권,삼성전자,2025-03-17T13:31:44+09:00,102466966,106,,에이 외국인이 사기시작했는데. 왜팔어요 7만 가자좀. 그래도 감사~~
토스증권,삼성전자,2025-03-17T13:31:29+09:00,102466938,107,,58 벽 끔찍하네;
토스증권,삼성전자,2025-03-17T13:30:07+09:00,102466790,108,,"거래량터지고, 외인들 겁나 매수하는데 왜쫄아
이제 반격이야 오랜만에 6만전자 보자"
토스증권,삼성전자,2025-03-17T13:28:56+09:00,102466686,109,와… 외인진짜 풀매수 개미 죽이고시작하네,6.4에도 여왕개미있으니까 계속 매수하주세요
토스증권,삼성전자,2025-03-17T13:28:44+09:00,102466658,110,,"내일 더 오르겄쥬?
59천원. ㅎㅎ"
토스증권,삼성전자,2025-03-17T13:28:33+09:00,102466642,111,,"오늘은 여기까지인가.
아니면 흘러내릴 것인가.
궁금해진다."
토스증권,삼성전자,2025-03-17T13:28:24+09:00,102466628,112,,ㅎ
토스증권,삼성전자,2025-03-17T13:27:50+09:00,102466568,113,^~^,.
토스증권,삼성전자,2025-03-17T13:27:47+09:00,102466564,114,,ㅎ
토스증권,삼성전자,2025-03-17T13:25:33+09:00,102466322,115,,탈출할까 걍
토스증권,삼성전자,2025-03-17T13:23:22+09:00,102466104,116,,59100원..중요한자리 ...
토스증권,삼성전자,2025-03-17T13:22:18+09:00,102465982,117,삼성전자 5만7천원대이면 저점인가요?,처음 샀던 주식이 상장폐지당해서 두번째는 대기업거로 사자 생각해서 샀는데 제때에 산건지 모르겠네요
토스증권,삼성전자,2025-03-17T13:22:15+09:00,102465978,118,,님들 이번주에 탄핵 선고받고 정치적 리스크 풀리면 국징 좀 오르지 않을까?
토스증권,삼성전자,2025-03-17T13:21:32+09:00,102465912,119,,10만전자라매ㅡ
토스증권,삼성전자,2025-03-17T13:20:31+09:00,102465806,120,,삼또속하지말고 줄때먹어
토스증권,삼성전자,2025-03-17T13:20:16+09:00,102465764,121,,탈출해?? 말아??
토스증권,삼성전자,2025-03-17T13:19:48+09:00,102465716,122,,승리의 삼전
토스증권,삼성전자,2025-03-17T13:19:14+09:00,102465662,123,,6개월만에 탈출
토스증권,삼성전자,2025-03-17T13:17:18+09:00,102465444,124,,내일 기대감으로 막판에 쏘고 끝날듯한데요 6만행에 승차해야하나
토스증권,삼성전자,2025-03-17T13:17:08+09:00,102465424,125,,다시 52층 가면 찢어버릴주식
토스증권,삼성전자,2025-03-17T13:15:16+09:00,102465200,126,,오르는 이유좀
토스증권,삼성전자,2025-03-17T13:15:01+09:00,102465174,127,,기분은 좋네요
토스증권,삼성전자,2025-03-17T13:14:33+09:00,102465124,128,이게 맞앙?,돔뢍쳐
토스증권,삼성전자,2025-03-17T13:14:16+09:00,102465090,129,,오머나? 양전이라니
토스증권,삼성전자,2025-03-17T13:13:51+09:00,102465038,130,,기왕 이렇게된거 6만전자 가즈아아아
토스증권,삼성전자,2025-03-17T13:13:42+09:00,102465016,131,,삼전에 호재가 많다. 오늘 종가는예측?
토스증권,삼성전자,2025-03-17T13:13:18+09:00,102464970,132,,외국인들은 뭔가 알고있다
토스증권,삼성전자,2025-03-17T13:12:42+09:00,102464872,133,,더가네요 큰일임 폭등해서
토스증권,삼성전자,2025-03-17T13:11:48+09:00,102464774,134,,"추가 매도옹vs 매수?버틸까옹
은은"
토스증권,삼성전자,2025-03-17T13:11:44+09:00,102464766,135,역시 삼전!,"조금 더 가자 힘내라
널 믿었던 내가 대견해"
토스증권,삼성전자,2025-03-17T13:11:32+09:00,102464744,136,,내일 젠슨황이 삼전 긍정적 발언 해주면 좋을텐데...
토스증권,삼성전자,2025-03-17T13:11:24+09:00,102464736,137,삼전으로 나도 수익봤다,"개미들아 삼전으로 수익 내기 쉽네
물려있는 개미들 이렇게 쉬운걸
수익 못내니"
토스증권,삼성전자,2025-03-17T13:11:21+09:00,102464728,138,나갓다올게요,삼전은 당한게 많아서 잠시 쉬고 상황봐야죠
토스증권,삼성전자,2025-03-17T13:10:56+09:00,102464676,139,,내일도 오를려나?
토스증권,삼성전자,2025-03-17T13:10:45+09:00,102464658,140,,삼전 사랑해
토스증권,삼성전자,2025-03-17T13:10:44+09:00,102464650,141,아 팔까,주린이59주
토스증권,삼성전자,2025-03-17T13:10:12+09:00,102464584,142,,딴건 모르겟고… 삼전 힘냈으면 조켓어여 ㅠ
토스증권,삼성전자,2025-03-17T13:09:26+09:00,102464494,143,아니,그니깐 내용이 젠슨황이 삼성 다시 잘만들면 쓰겠다는 말을 사람들이 오해를 불러서 사는건가 ...
토스증권,삼성전자,2025-03-17T13:08:56+09:00,102464442,144,,가자!!가자!!!! 나도삼전으로 수익내보고싶다!
토스증권,삼성전자,2025-03-17T13:08:55+09:00,102464436,145,,기록용 작년8월부터 주식시작 10월에 국장400손절치고 100만원만 더하면 본전 다시시작 국장에서도 이제 절대잃지않는다…
토스증권,삼성전자,2025-03-17T13:08:16+09:00,102464352,146,,"오늘 미장 박으면 내일 어짜피 빠진다

조심해라 국장이 따로가는 경우는 없다"
토스증권,삼성전자,2025-03-17T13:08:14+09:00,102464346,147,,냐미
토스증권,삼성전자,2025-03-17T13:07:59+09:00,102464316,148,,"에스오디,,또 맞췄댜"
토스증권,삼성전자,2025-03-17T13:07:05+09:00,102464246,149,,6만전자
토스증권,삼성전자,2025-03-17T13:06:58+09:00,102464232,150,,애국하려고 들갔는데 감사합니다
토스증권,삼성전자,2025-03-17T13:05:42+09:00,102464094,151,,왜 오르는거임?
토스증권,삼성전자,2025-03-17T13:04:50+09:00,102463986,152,,아 팔고싶다.
토스증권,삼성전자,2025-03-17T13:04:37+09:00,102463958,153,7만원,"7만원 안오면 어차피 그나물에 그반찬.
7만원도 탈출하게 해달라"
토스증권,삼성전자,2025-03-17T13:04:35+09:00,102463954,154,,더오를거같긴한데..고민…
토스증권,삼성전자,2025-03-17T13:04:33+09:00,102463944,155,6만전저,6만전자 가자
토스증권,삼성전자,2025-03-17T13:03:22+09:00,102463770,156,,"흠,, 많이 살 걸"
토스증권,삼성전자,2025-03-17T13:03:07+09:00,102463714,157,,뭔가있는듯 계속 받아먹으면서 올린다
토스증권,삼성전자,2025-03-17T13:02:41+09:00,102463666,158,,박스권임 여기 ㅋㅋ계속
토스증권,삼성전자,2025-03-17T13:02:35+09:00,102463654,159,,삼성전자야 힘을 내!!!!
토스증권,삼성전자,2025-03-17T13:01:58+09:00,102463572,160,,맨날 58에서 맞고 떨어짐
토스증권,삼성전자,2025-03-17T13:01:27+09:00,102463480,161,치고빠지기,앗싸~~
토스증권,삼성전자,2025-03-17T13:00:46+09:00,102463358,162,,이렇게 오른적 있었나요 ㅜㅜ
토스증권,삼성전자,2025-03-17T13:00:23+09:00,102463294,163,,"고민되넹..흠.. 58 벽이 크게 느껴지는데,,,음.. 58에 나도 나가봐야하나...?"
토스증권,삼성전자,2025-03-17T13:00:18+09:00,102463276,164,,물들어올때 노를저어라
토스증권,삼성전자,2025-03-17T13:00:17+09:00,102463272,165,힘을내라 삼성!!,6만 한번 가보자
토스증권,삼성전자,2025-03-17T13:00:05+09:00,102463254,166,,59
토스증권,삼성전자,2025-03-17T13:00:04+09:00,102463246,167,,"닭그네 탄핵하고 삼전이 많이 올랐지 ㅋㅋㅋ
꼴통보수가 전권 잡으면 삼전은 내려가 ㅋㅋㅋ"
토스증권,삼성전자,2025-03-17T13:00:01+09:00,102463236,168,,삼성망했다매
토스증권,삼성전자,2025-03-17T12:59:24+09:00,102463172,169,,다시 돌아올!!….. 까…?
토스증권,삼성전자,2025-03-17T12:58:58+09:00,102463126,170,,이 정도면 뭔가 있는 것 같은데...
토스증권,삼성전자,2025-03-17T12:57:20+09:00,102462972,171,,박수칠때 떠나라
토스증권,삼성전자,2025-03-17T12:56:44+09:00,102462912,172,,58층 구조좀
토스증권,삼성전자,2025-03-17T12:55:59+09:00,102462854,173,,영차영차으쌰
토스증권,삼성전자,2025-03-17T12:55:24+09:00,102462810,174,,전일단튀었어요~벽맞고떨어지면한번주워봅니다~~~
토스증권,삼성전자,2025-03-17T12:55:15+09:00,102462806,175,59,가 벽일듯
토스증권,삼성전자,2025-03-17T12:54:28+09:00,102462722,176,,오르는데 시체도 장난아니다.. ㄷㄷ
토스증권,삼성전자,2025-03-17T12:53:44+09:00,102462652,177,,왠일이죠?
토스증권,삼성전자,2025-03-17T12:53:39+09:00,102462634,178,,자자 이제 점심시간 끝났으니까 운전 시작해보자
토스증권,삼성전자,2025-03-17T12:53:38+09:00,102462630,179,제발 6만!!!,가즈아
토스증권,삼성전자,2025-03-17T12:53:28+09:00,102462620,180,"이재용 회장, '사즉생' 각오로 위기 돌파 주문","이재용 삼성전자 회장은 최근 삼성 임원들에게 ""삼성다운 저력을 잃었다""며 ""'사즉생'의 각오로 위기에 대처해야 한다""고 강조했습니다.

https://m.blog.naver.com/grok_newsfeed/223799166790"
토스증권,삼성전자,2025-03-17T12:52:49+09:00,102462574,181,,오늘 6만까지 뚫어보자
토스증권,삼성전자,2025-03-17T12:52:05+09:00,102462512,182,,몰빵할껄껄껄
토스증권,삼성전자,2025-03-17T12:51:52+09:00,102462484,183,,역대급 폭등 ㄷㄷ
토스증권,삼성전자,2025-03-17T12:51:50+09:00,102462480,184,삼전특,6만가는듯 희망주다가 몇일지나면 5만원 중반대로 다시 내려가이씀 ㅎㅎ
토스증권,삼성전자,2025-03-17T12:51:31+09:00,102462460,185,,30% 익절..두 달 걸렸다 진짜
토스증권,삼성전자,2025-03-17T12:51:03+09:00,102462414,186,,와 58층이 고비네
토스증권,삼성전자,2025-03-17T12:50:10+09:00,102462348,187,,외인 1천만 넘을까요
토스증권,삼성전자,2025-03-17T12:49:03+09:00,102462254,188,,"평단 거의 다 왔다아~~
으샤으샤"
토스증권,삼성전자,2025-03-17T12:48:32+09:00,102462216,189,잘먹고 갑니다.,^오^
토스증권,삼성전자,2025-03-17T12:47:55+09:00,102462158,190,,5만8000원 90만벽 뭐야
토스증권,삼성전자,2025-03-17T12:47:32+09:00,102462122,191,,쫄리면 죽던가 ㅋㅋㅋ 못먹어도 고
토스증권,삼성전자,2025-03-17T12:47:13+09:00,102462088,192,,분위기 좋고 좋고
토스증권,삼성전자,2025-03-17T12:46:34+09:00,102462020,193,,저점도 외인들~ 고점도 외인들~~ 이번 고점 향해 간다~~
토스증권,삼성전자,2025-03-17T12:45:45+09:00,102461956,194,,"5.6에 조건매도 걸어놨다가 알람보고 화들짝;
그래도 삼전오르는거 보니 주변에 물렸던분들이 꽤있었어서 저도 덩달아 기분이 좋네요"
토스증권,삼성전자,2025-03-17T12:45:15+09:00,102461912,195,용써봤자,"6만 못넘는다

눈 까뒤집고 찾아봐도 호재는 없다

테크노마트에 구루마 깔고 폰이나 팔아라 재용아"
토스증권,삼성전자,2025-03-17T12:45:11+09:00,102461900,196,,젠슨황 말 뭐라고 나왔나요?
토스증권,삼성전자,2025-03-17T12:45:06+09:00,102461892,197,,오호 삼성 무슨일이야
토스증권,삼성전자,2025-03-17T12:43:08+09:00,102461712,198,,"62층 입니다
6층만 오세요
팔아버릴랑게"
토스증권,삼성전자,2025-03-17T12:41:55+09:00,102461602,199,,버거형들 뭐야?
토스증권,삼성전자,2025-03-17T12:40:22+09:00,102461460,200,탄핵재판결과별 주가전망,"인용 바로7만 장기10만
기각 바로4만후반 장기1만"
토스증권,삼성전자,2025-03-17T12:39:56+09:00,102461418,201,,하도 변동성을 마니주니..이런 기회줄때 절반익절..
토스증권,삼성전자,2025-03-17T12:39:36+09:00,102461396,202,,삼전이랑 방산만 가네;
토스증권,삼성전자,2025-03-17T12:36:13+09:00,102461112,203,,삼전도 5%오르네
토스증권,삼성전자,2025-03-17T12:33:16+09:00,102460844,204,,미안미안해재용
토스증권,삼성전자,2025-03-17T12:31:34+09:00,102460658,205,,머냐 왜이래
토스증권,삼성전자,2025-03-17T12:30:18+09:00,102460502,206,,내가 아까 500원이라도 먹으려면 매수 하라고 했지
토스증권,삼성전자,2025-03-17T12:29:49+09:00,102460436,207,,삼전은 배당금 언제주나요?
토스증권,삼성전자,2025-03-17T12:28:40+09:00,102460280,208,,6층 입니다 곧 봄이 올거 같습니다 그전에 내릴까요?
토스증권,삼성전자,2025-03-17T12:27:29+09:00,102460140,209,소소하게,소소하다 내가 던졌으니 오르겠지
토스증권,삼성전자,2025-03-17T12:26:54+09:00,102460064,210,,난늘 믿고 있었다 따규!!!!
토스증권,삼성전자,2025-03-17T12:23:19+09:00,102459696,211,,다시 왔어 오랜만이야💙
토스증권,삼성전자,2025-03-17T12:22:58+09:00,102459648,212,오늘 삼성은,"오늘 삼성은 편안하다 안정감이 있구나
오늘 주차 잘해라"
토스증권,삼성전자,2025-03-17T12:22:29+09:00,102459584,213,,72층에도 봄이 올까요....!!
토스증권,삼성전자,2025-03-17T12:22:00+09:00,102459512,214,,잠깐 나갔다옵니다.
토스증권,삼성전자,2025-03-17T12:20:43+09:00,102459340,215,,왜올라요?
토스증권,삼성전자,2025-03-17T12:20:39+09:00,102459330,216,대박~~!!~,"수익보고 나가는분들 너무 부럽네요.
전 아직 좀 더 한참 있어야 할듯ㅜㅜ"
토스증권,삼성전자,2025-03-17T12:19:39+09:00,102459204,217,,상법 개정 통과되었다. 장기적으론 삼성 LG SK 망하겠지만 당분간은 주식 우상향이다!
토스증권,삼성전자,2025-03-17T12:19:12+09:00,102459142,218,,"100주는 너무 빨리팔았넹;;
400주에서 절반털고 200주는 홀딩"
토스증권,삼성전자,2025-03-17T12:18:22+09:00,102459062,219,,"외인들이 이렇게 많이 사는거 보면 뭔가 있는 모양인데....
엔비에 납품하는건가?"
토스증권,삼성전자,2025-03-17T12:18:20+09:00,102459058,220,,찍먹6번. 오후만니물리겠구낭
토스증권,삼성전자,2025-03-17T12:17:49+09:00,102459012,221,지금 팔지 마세요,곧 6성전자 갑니다.
토스증권,삼성전자,2025-03-17T12:16:48+09:00,102458878,222,,53500원->800주 보유하다 오늘 57500원->800주 매도하여 320만원 수익보고 정리했습니다. 주주님들 힘내시고 떨어지면 다시오겠습니다
토스증권,삼성전자,2025-03-17T12:16:14+09:00,102458818,223,,지금 못올라가고있는게 매물대가 많아서 그런거?
토스증권,삼성전자,2025-03-17T12:16:02+09:00,102458798,224,,오늘도 소액 ㅠㅠ 밥값하고 본업 고고합니다. 흑흑 금욜에 괜히 팔았 ㅜㅜ
토스증권,삼성전자,2025-03-17T12:16:01+09:00,102458796,225,,이거 정찰주엿는데 🥹
토스증권,삼성전자,2025-03-17T12:14:30+09:00,102458602,226,,잘먹고 갑니다
토스증권,삼성전자,2025-03-17T12:14:04+09:00,102458556,227,,"평단 61000
아직 갈길 멀다 ㅠ"
토스증권,삼성전자,2025-03-17T12:13:33+09:00,102458488,228,,영차 영차
토스증권,삼성전자,2025-03-17T12:13:15+09:00,102458458,229,,오늘 안떨구네요 다르네
토스증권,삼성전자,2025-03-17T12:13:00+09:00,102458422,230,월요일인데 올라서 기분좋군요,58000원 가자아
토스증권,삼성전자,2025-03-17T12:12:57+09:00,102458418,231,,지금 사도 괜찮은가요?
토스증권,삼성전자,2025-03-17T12:12:47+09:00,102458394,232,,5800뚫나?
토스증권,삼성전자,2025-03-17T12:12:03+09:00,102458316,233,,오늘 외인이 얼마나 살까요?
토스증권,삼성전자,2025-03-17T12:08:48+09:00,102458018,234,,다시 올게여
토스증권,삼성전자,2025-03-17T12:08:12+09:00,102457964,235,,"5만 3천 부근 잡으신분들 축하드립니다..

아쉽게 전 못 잡아서.. 축하드리는걸로 만족.."
토스증권,삼성전자,2025-03-17T12:05:43+09:00,102457768,236,,와우 오늘 6만. 갈러구
토스증권,삼성전자,2025-03-17T12:04:32+09:00,102457654,237,탈출,드뎌 탈출..
토스증권,삼성전자,2025-03-17T12:04:16+09:00,102457614,238,,길게 들고 가줄게 쭉 가자
토스증권,삼성전자,2025-03-17T12:04:08+09:00,102457596,239,,날이오르라주시기여
토스증권,삼성전자,2025-03-17T12:02:57+09:00,102457472,240,왜 오르는 거죠?,??
토스증권,삼성전자,2025-03-17T12:02:17+09:00,102457414,241,세계는 지금,"1. 미장 애프터 마켓 시간 길어짐

기존 05:00~07:00 >
변경 후 05:00~08:50

- 핑계 그만대고 데이장이나 열어라.

2. 한국 조선업 수주 공시

한화오션 : 컨테이너선 6척 수주로 4% 상승중.
삼성 중공업 : 셔틀 탱커 9척 수주로 3.5% 상승중

3. 삼성전자, 모처럼 5% 넘게 상승중.

4. 시진핑, EU 50주년 기념 정상회담 초청 거절.

- 너 그쪽 라인 아니였냐???

5. 예맨 후티, 미 항공포함 공격

- 니가 간땡이가 배밖으로 나왔구나? 근데 이건 한번더 생각해 봐야함, 왜 하필 이때인지, 미국이 개입할 명분을? 더 이상 말 안하겠음^^

6. 앤비디아 젠승황, 양자 컴퓨팅 가능한 루빈 공개

- 황 형, 형은 다 계획이 있던 거였지? 글치? 오늘이지?"
토스증권,삼성전자,2025-03-17T12:02:07+09:00,102457394,242,,돔황쳐
토스증권,삼성전자,2025-03-17T12:01:32+09:00,102457350,243,,도망갈 기회인가요?
토스증권,삼성전자,2025-03-17T12:01:23+09:00,102457328,244,,단타맛집
토스증권,삼성전자,2025-03-17T11:59:29+09:00,102457164,245,,단타익절
토스증권,삼성전자,2025-03-17T11:58:09+09:00,102457038,246,,"젠슨황씨 아저씨가 삼성전자 언급 없으면 개꼬꾸라지겠네....
아저씨 삼성전자 한마디만해줘라!!!"
토스증권,삼성전자,2025-03-17T11:57:21+09:00,102456968,247,,https://m.blog.naver.com/1stock1step/223798946364
토스증권,삼성전자,2025-03-17T11:55:33+09:00,102456780,248,한달에 주식으로 100만원 벌기 목표,이거 포함 135주 팔아서 70만원 먹고 삼성카드 배당금 먹으러 갑니다~
토스증권,삼성전자,2025-03-17T11:55:23+09:00,102456770,249,,또설거지 무빙^^일단 먹기^^
토스증권,삼성전자,2025-03-17T11:54:05+09:00,102456650,250,소액먹고,일단 나왔어여
토스증권,삼성전자,2025-03-17T11:53:52+09:00,102456624,251,,지금 팔면 하수
토스증권,삼성전자,2025-03-17T11:52:48+09:00,102456470,252,,탈출 기회 다시 내려갑니다ㅋㅋ
토스증권,삼성전자,2025-03-17T11:52:41+09:00,102456462,253,다들 화이팅,"삼전 털고 한에 40에 들어가기 휴 편안
다들 힘내세툐"
토스증권,삼성전자,2025-03-17T11:50:38+09:00,102456274,254,,"오늘 6만 찍겠네요
봄이 오려나봐요~"
토스증권,삼성전자,2025-03-17T11:48:24+09:00,102455976,255,,우리헤어져
토스증권,삼성전자,2025-03-17T11:48:18+09:00,102455962,256,,낼까지 지켜봐야죠. 낼까진 오름세 입니닺
토스증권,삼성전자,2025-03-17T11:47:07+09:00,102455780,257,"삼성전자 5%대 급등, 반도체 + 유리기판 테마 상승하는 증시","📣오늘 우리나라 증시는 현재 양지수 모두 상승하는 가운데, 전체적으로 상승 종목 숫자가 많아 체감도 괜찮은 장

📌주말을 앞둔 미국 뉴욕증시는 저점 매수세가 유입되면서 전체적으로 상승 마감

📌오늘 시장에서 가장 부각되는 테마는 유리기판 관련주, 반도체 관련주, 조선 관련주 등

📌엔비디아, GTC서 유리 기판 관련 언급 기대감 등에 등 유리기판 관련주 강세

📌엔비디아 GTC 기대감 및 미국 필라델피아 반도체지수(+3.27%) 급등 등에 등 반도체 관련주 강세

📌매카시 전 의장, 미국 군함 건조 법개정 추진 및 주요 조선사 수주 소식 등에 등 조선 관련주 강세

📣더욱 자세한 주식시황 및 연관된 테마주 총정리는 아래 글 참고"
토스증권,삼성전자,2025-03-17T11:45:33+09:00,102455640,258,,일단 절반 매도.
토스증권,삼성전자,2025-03-17T11:45:15+09:00,102455614,259,,배당까지 꿀꺽
토스증권,삼성전자,2025-03-17T11:44:20+09:00,102455538,260,,인자쮹갈라나여??
토스증권,삼성전자,2025-03-17T11:44:14+09:00,102455528,261,,소소한 수익 감사합니다
토스증권,삼성전자,2025-03-17T11:43:43+09:00,102455458,262,,"얘는 소수점 주문이 왜 안되나영..
삼성전자 소수점 주문 되는걸로 알고 있는데 토스에서는 안되나;"
토스증권,삼성전자,2025-03-17T11:42:36+09:00,102455366,263,,뭐하냥? 얼른 올라야지 얼른
토스증권,삼성전자,2025-03-17T11:42:29+09:00,102455356,264,절대 안 팜,수익
토스증권,삼성전자,2025-03-17T11:41:57+09:00,102455306,265,,쉿! 알리지 마세요! 쉿!
토스증권,삼성전자,2025-03-17T11:41:28+09:00,102455252,266,8만전자 까지 가자ㅜ,제발
토스증권,삼성전자,2025-03-17T11:41:14+09:00,102455228,267,속보,속보인다 속보여
토스증권,삼성전자,2025-03-17T11:41:12+09:00,102455220,268,,이슈가 있어서 오르나요? 외국인 사자네요
토스증권,삼성전자,2025-03-17T11:40:20+09:00,102455132,269,,삼성 힘내라. 우리나라 대표 기업!
토스증권,삼성전자,2025-03-17T11:40:04+09:00,102455112,270,,"남탓하는 인생.. 아직도 있구나..
삼성 화이팅~"
토스증권,삼성전자,2025-03-17T11:40:01+09:00,102455106,271,61층 사람있어요,구해주세요
토스증권,삼성전자,2025-03-17T11:38:22+09:00,102454954,272,삼성이 이럴줄 몰랐지만,좀만 더 구매해서 7.5에 판매하고 나가고 싶네여 ㅎㅎ
토스증권,삼성전자,2025-03-17T11:37:54+09:00,102454926,273,,"오르덩가말덩가 없는돈 생각한지 어언 1년.....
윤돼지 사라질때 즈음 되니까 드디어 양전.국짐찌그레기 친일파 샤끼들의 결과물..
내인생에서 사라져라 제발좀."
토스증권,삼성전자,2025-03-17T11:37:44+09:00,102454912,274,,출발
토스증권,삼성전자,2025-03-17T11:37:20+09:00,102454894,275,,오늘은 개미들만 다 던지는 날인가? 서양형들 주차실력 함 보께?
토스증권,삼성전자,2025-03-17T11:37:09+09:00,102454880,276,,10% 더가자
토스증권,삼성전자,2025-03-17T11:36:57+09:00,102454862,277,,"고민이네 여기서 하이닉스로 가야하나

우짜지"
토스증권,삼성전자,2025-03-17T11:36:57+09:00,102454860,278,,양형들의 불같은 매수
토스증권,삼성전자,2025-03-17T11:36:43+09:00,102454846,279,,거래량 뭐임?
토스증권,삼성전자,2025-03-17T11:36:31+09:00,102454820,280,,삼전 이번주 게속 올라갑니다.
토스증권,삼성전자,2025-03-17T11:36:19+09:00,102454804,281,??,외인 700만 주 매수 뭐지.. 뭐있나요?
토스증권,삼성전자,2025-03-17T11:36:10+09:00,102454786,282,삼전 왜이럼,뭔일 남? 재드래곤이 드디어 브레스 뿜음??
토스증권,삼성전자,2025-03-17T11:34:11+09:00,102454622,283,,팔아야할걸 아는데도 팔기가 싫다
토스증권,삼성전자,2025-03-17T11:33:36+09:00,102454570,284,,독한 삼성 모야
토스증권,삼성전자,2025-03-17T11:33:36+09:00,102454564,285,,단타로 마지막 3마넌 까지 먹고갑니다^^
토스증권,삼성전자,2025-03-17T11:33:29+09:00,102454552,286,,가즈아
토스증권,삼성전자,2025-03-17T11:33:06+09:00,102454514,287,61000원 본다,ㅋ
토스증권,삼성전자,2025-03-17T11:31:34+09:00,102454378,288,,무섭게 왜 이래
토스증권,삼성전자,2025-03-17T11:31:16+09:00,102454340,289,오랜만!,얼마만인가 익절해 본지가?
토스증권,삼성전자,2025-03-17T11:31:10+09:00,102454326,290,,탈출하즈아~
토스증권,삼성전자,2025-03-17T11:31:03+09:00,102454312,291,,"분할 매도..
요번주 안에 5.9 갔으면 하네요.."
토스증권,삼성전자,2025-03-17T11:30:15+09:00,102454230,292,,ㅋㅋㅋㅋ 간다
토스증권,삼성전자,2025-03-17T11:27:38+09:00,102453974,293,,외인+기관+자사주 매수하는데 오늘 개미들 물량 많이 털리겠네
토스증권,삼성전자,2025-03-17T11:27:29+09:00,102453962,294,,"외인 4천억을 샀으면 올라야지 그치 암
상승시작이다"
토스증권,삼성전자,2025-03-17T11:27:06+09:00,102453906,295,,"먼일이써요?
200원만 더오르면 본전인데
긴장되네요"
토스증권,삼성전자,2025-03-17T11:25:58+09:00,102453780,296,,"기술적분석에서 바닥에서 4파가 지났고 대상승이란건 열차출발한거임.
이젠 걍 내리지말고 꽉잡으쇼."
토스증권,삼성전자,2025-03-17T11:24:49+09:00,102453686,297,,튀어~~~~!
토스증권,삼성전자,2025-03-17T11:24:31+09:00,102453662,298,,"내일 재진입 합니다.
삼전 화이팅♡♡"
토스증권,삼성전자,2025-03-17T11:23:20+09:00,102453544,299,신기해,"시골에 세컨하우스 건축중인데
뒷집 석축이 무너져내려 저희집이 피해를 입었어요.
근데 어르신들 형편이 어려우시다고해서
그냥 공사비 350만원 제가 지불하고
뭐 앞으로 좋은일 있겠지. 했는데
오늘 아침 이게 무슨일이에요ㅜ
삼전으로 +300
빨리 더 올라서 350 채워주라~~~"
토스증권,삼성전자,2025-03-17T11:22:55+09:00,102453520,300,,진짜 요새 국장 폼 미쳤다ㄷㄷ
토스증권,삼성전자,2025-03-17T11:22:06+09:00,102453448,301,,"찍먹하고 갑니다.
곧 다시 만나요~"
토스증권,삼성전자,2025-03-17T11:21:49+09:00,102453422,302,,"계속올라라
이번 년도 안에 제발 내평단 67000 와라~~~"
토스증권,삼성전자,2025-03-17T11:21:47+09:00,102453416,303,ㅋ....,"국민연금 고갈이란 소리 들을 때마다 화가나네

국민피같은돈 갈취를 해서 되신 투자를 해줄거면

국민연금제도가 첨 생긴 순간부터 현 25년까지 금을 구매후 돌려줬으면 1명당 10억씩 줘도 고갈은 커녕 남아돌았겠다.

어케 나라가 개인보다 바보냐고 ...

하긴 뉴턴이나 아인슈타인도 투자로는 망했다고 하니 인정해야되나...

데헷~★"
토스증권,삼성전자,2025-03-17T11:21:14+09:00,102453340,304,,올라가보자 상성 힘내라
토스증권,삼성전자,2025-03-17T11:20:25+09:00,102453240,305,,좀 시원하게 가보자
토스증권,삼성전자,2025-03-17T11:20:06+09:00,102453208,306,,올라가도불안하네
토스증권,삼성전자,2025-03-17T11:17:37+09:00,102452978,307,,"6만 찍으면 절반 손절하고
절반은 6만 5000 까지 존버한다.
믿는다 삼전.
줄먹 길들여진 개미들
얼렁 털고
올라와라."
토스증권,삼성전자,2025-03-17T11:17:21+09:00,102452956,308,젠승황보고 있나?,"삼성 가즈아~~~
삼성이쁘다~~~~
삼성 잘한다!!!!!~~~~"
토스증권,삼성전자,2025-03-17T11:16:53+09:00,102452920,309,,8만원언제와
토스증권,삼성전자,2025-03-17T11:15:13+09:00,102452778,310,젠슨황때문에,원래 월요일 살짝눌렀다가 빨간불 가는데 제순이가 입털어서 외국인들이 사서 올라버렀자나 금여일날 판 난 뭐가되니 젠슨항!!!!!!!!
토스증권,삼성전자,2025-03-17T11:14:20+09:00,102452692,311,,왜오르는거져 무슨 호재라도 있나요?
토스증권,삼성전자,2025-03-17T11:14:12+09:00,102452680,312,,오늘도 개미들만 팔아재끼것군ㅋㅋ
토스증권,삼성전자,2025-03-17T11:13:10+09:00,102452580,313,,소소하게 국밥값 벌어갑니다
토스증권,삼성전자,2025-03-17T11:12:43+09:00,102452548,314,,올라봐야..ㅠ
토스증권,삼성전자,2025-03-17T11:11:23+09:00,102452416,315,,내가 살다 삼전 빨간볼을 볼줄이야~~더 힘내라 삼전
토스증권,삼성전자,2025-03-17T11:08:52+09:00,102452184,316,,3mam
토스증권,삼성전자,2025-03-17T11:08:48+09:00,102452180,317,,앞으로 13%..남았다
토스증권,삼성전자,2025-03-17T11:08:20+09:00,102452124,318,,껌 값 벌어가요..
토스증권,삼성전자,2025-03-17T11:07:12+09:00,102452016,319,,한국인이면 사야지. 국뽕
토스증권,삼성전자,2025-03-17T11:03:53+09:00,102451704,320,,화이팅 !!
토스증권,삼성전자,2025-03-17T11:03:51+09:00,102451702,321,,왜 힘으루못쓰니 아직 젖먹던힘 남았잖니
토스증권,삼성전자,2025-03-17T11:03:24+09:00,102451624,322,잘 오르는구나,오늘 58000원 뚫었으면 좋겠다
토스증권,삼성전자,2025-03-17T11:02:55+09:00,102451580,323,,제자리 찾아가네...
토스증권,삼성전자,2025-03-17T11:00:28+09:00,102451342,324,,계속눌리네 ㅋㅋㅋㅋ
토스증권,삼성전자,2025-03-17T10:58:37+09:00,102451182,325,,좀 더 쨀만하다 ㅇㅇ
토스증권,삼성전자,2025-03-17T10:56:53+09:00,102450990,326,,"이런 패턴은 항상 있는건데
오늘 오른만큼 내일 떨어짐"
토스증권,삼성전자,2025-03-17T10:55:21+09:00,102450866,327,,저도 관세때매 매도 무서움
토스증권,삼성전자,2025-03-17T10:54:59+09:00,102450828,328,,오르는데 왜 불안한거니?
토스증권,삼성전자,2025-03-17T10:53:05+09:00,102450612,329,수익 ㄱㅅ 관세 무섭네유,삼성파이팅
토스증권,삼성전자,2025-03-17T10:52:55+09:00,102450600,330,,개미가 팔아재끼고 외인 기관이 사니까 쭉 오르겠네
토스증권,삼성전자,2025-03-17T10:51:56+09:00,102450472,331,,개미가털려야 간다 ㅇㅇ
토스증권,삼성전자,2025-03-17T10:51:56+09:00,102450470,332,더 오른다면 축하합니다,일단 전 먹을것만 먹고 나갑니다
토스증권,삼성전자,2025-03-17T10:50:09+09:00,102450206,333,,"기관도 외인도 계속 사는거보니

잰슨황 이번에야 말로 큰거주나??"
토스증권,삼성전자,2025-03-17T10:49:29+09:00,102450016,334,외인이 500만주 총매수,"#왜이래 기관보다 더매수했넹
골드만 +JP모건 /// 국내기관 미래 에셋 한국증권"
토스증권,삼성전자,2025-03-17T10:49:27+09:00,102450012,335,54,다시오겠죠?
토스증권,삼성전자,2025-03-17T10:48:57+09:00,102449918,336,😀,굿굿굿
토스증권,삼성전자,2025-03-17T10:48:18+09:00,102449820,337,,"판매량 많은거 보니 더 올라가겠네
개미가 팔면 올라가지"
토스증권,삼성전자,2025-03-17T10:46:37+09:00,102449588,338,,탈출해 친구들
토스증권,삼성전자,2025-03-17T10:46:10+09:00,102449544,339,,오후에 한번더 상승 힐수도
토스증권,삼성전자,2025-03-17T10:45:02+09:00,102449434,340,,번지대 야무지네 ㅋㅋㅋ
토스증권,삼성전자,2025-03-17T10:44:31+09:00,102449376,341,,개미들 팔자에. 오르질 못허네
토스증권,삼성전자,2025-03-17T10:44:10+09:00,102449340,342,하청공장,"삼돌이
중국에도 밀리네"
토스증권,삼성전자,2025-03-17T10:43:58+09:00,102449316,343,,다시올께
토스증권,삼성전자,2025-03-17T10:43:28+09:00,102449268,344,,삼성go 화이팅야
토스증권,삼성전자,2025-03-17T10:43:12+09:00,102449228,345,,이게 왜..
토스증권,삼성전자,2025-03-17T10:42:36+09:00,102449168,346,,"젠슨황. 한마디에오르다
오르면 좋은거지"
토스증권,삼성전자,2025-03-17T10:42:10+09:00,102449108,347,,"단타들 지금 매수 기회다 그래야 500원
이라도 먹는다"
토스증권,삼성전자,2025-03-17T10:42:04+09:00,102449104,348,곧 고점입니다,다들 줄먹 하십쇼~
토스증권,삼성전자,2025-03-17T10:38:50+09:00,102448704,349,,이겅 왜 올라가
토스증권,삼성전자,2025-03-17T10:38:40+09:00,102448688,350,,마지막 발악
토스증권,삼성전자,2025-03-17T10:38:06+09:00,102448632,351,,물탄거 일단 수익 오후에 보자이~~~
토스증권,삼성전자,2025-03-17T10:38:03+09:00,102448618,352,,"샀다가..
팔았다가..."
토스증권,삼성전자,2025-03-17T10:37:03+09:00,102448524,353,,넌 예전부터 크게 될 놈이었어.
토스증권,삼성전자,2025-03-17T10:36:56+09:00,102448512,354,,줄먹
토스증권,삼성전자,2025-03-17T10:36:55+09:00,102448510,355,,제발 6층 올라와줘....! 이리 올라도 물려있어ㅜㅜ
토스증권,삼성전자,2025-03-17T10:36:46+09:00,102448498,356,오늘 젠슨황이,기조연설이서 입털어서 올라간거다 호재없다 내린다
토스증권,삼성전자,2025-03-17T10:36:15+09:00,102448434,357,,58000에 걸어놨음요.안팔리면 말구~~~
토스증권,삼성전자,2025-03-17T10:35:40+09:00,102448366,358,,지금 들어가면 떨어지겠지요….?
토스증권,삼성전자,2025-03-17T10:35:31+09:00,102448344,359,,올랏다 내렷다 단타장
토스증권,삼성전자,2025-03-17T10:33:22+09:00,102448154,360,작년 10월 14일에 첫구매 두번째구매 25일,-10000원 대에서 드디어 -2000원 찍었습니다 축하의 말씀 한마디씩 나누어주세요
토스증권,삼성전자,2025-03-17T10:33:09+09:00,102448134,361,익절,손꾸락이 근질거려서 전량매도
토스증권,삼성전자,2025-03-17T10:31:54+09:00,102448018,362,,튀어
토스증권,삼성전자,2025-03-17T10:31:30+09:00,102447978,363,,구조하러 와주는 건가???
토스증권,삼성전자,2025-03-17T10:31:06+09:00,102447938,364,,줄때 먹고 빨리 빼라
토스증권,삼성전자,2025-03-17T10:30:35+09:00,102447896,365,,https://m.blog.naver.com/1stock1step/223798946364
토스증권,삼성전자,2025-03-17T10:29:24+09:00,102447806,366,,64층좀 와주라
토스증권,삼성전자,2025-03-17T10:28:27+09:00,102447686,367,바보같지만,다시 오겠습니다..
토스증권,삼성전자,2025-03-17T10:28:25+09:00,102447684,368,,아싸~~1700원만 더 올라라~~~~팔게
토스증권,삼성전자,2025-03-17T10:28:20+09:00,102447674,369,,? 꿈인줄
토스증권,삼성전자,2025-03-17T10:27:34+09:00,102447586,370,금캐면서 관망중,https://goldmining.onelink.me/mGQ8/avjj4ugo
토스증권,삼성전자,2025-03-17T10:27:19+09:00,102447550,371,,사과가 삽질하고 있으니 치고 올라가자
토스증권,삼성전자,2025-03-17T10:26:41+09:00,102447492,372,,하 이래올라도 물러잇어욥 ㅎㅎㅎㅎㅎ
토스증권,삼성전자,2025-03-17T10:26:07+09:00,102447426,373,,소액 탈출 🐜
토스증권,삼성전자,2025-03-17T10:25:22+09:00,102447336,374,,땃당
토스증권,삼성전자,2025-03-17T10:25:15+09:00,102447322,375,,외인들 500만주 이상 매수중 오늘 장대양봉 기대된다 장투가 답이다
토스증권,삼성전자,2025-03-17T10:25:06+09:00,102447308,376,,안티들 묵념쇼
토스증권,삼성전자,2025-03-17T10:24:44+09:00,102447264,377,,뭔일있나요? 금요일에 다팔았는데 오르네
토스증권,삼성전자,2025-03-17T10:24:28+09:00,102447226,378,날아올라라,"기뻐 바뻐 이뻐
삼성주 홧팅"
토스증권,삼성전자,2025-03-17T10:23:16+09:00,102447114,379,,젠슨황 쇼 언제 시작하나요??
토스증권,삼성전자,2025-03-17T10:22:54+09:00,102447084,380,65000원에 팝니다.,"#삼성전자
올해 무조건 갑니다."
토스증권,삼성전자,2025-03-17T10:22:37+09:00,102447056,381,삼전으로 이리 ㅋ,"저번에 손실해서 팔았는데
나이스샷"
토스증권,삼성전자,2025-03-17T10:21:45+09:00,102446946,382,,"팔까 고민했는데 나스닥 하락장에 테슬라엔비 같은 팔고 현금보유중인 버거형들에겐 삼전이 한줄기 빛으로보일거같아서 난판매보류해야겠다
내가봤을때 이번엔 6만 넘을거같아 테슬라 고점대비 100프로가까이빠졌는데 그돈 어디에투자할까 이하락장에"
토스증권,삼성전자,2025-03-17T10:21:41+09:00,102446934,383,이번엔 7만 포스다,6만 밟고 올라 가즈아 🚀
토스증권,삼성전자,2025-03-17T10:20:13+09:00,102446762,384,,지금 살짝 눌렷을때 매수타이밍
토스증권,삼성전자,2025-03-17T10:20:11+09:00,102446758,385,감솨합니다 땡큐~~~,저녁은~~~~ 외식이닷~~~~
토스증권,삼성전자,2025-03-17T10:20:00+09:00,102446740,386,,수급 미쳥당
토스증권,삼성전자,2025-03-17T10:19:58+09:00,102446734,387,내가팔면오른다,내가팔면오른다 절대 팔지말자
토스증권,삼성전자,2025-03-17T10:19:34+09:00,102446692,388,,머선일이고 곧 6만원도 찍겠다
토스증권,삼성전자,2025-03-17T10:19:32+09:00,102446686,389,,"바닥거래대금 3조이상찍어
확실한 바닥인증보여줘봐"
토스증권,삼성전자,2025-03-17T10:18:58+09:00,102446626,390,,익절
토스증권,삼성전자,2025-03-17T10:18:56+09:00,102446624,391,,6월에 좋은 소식있다는 전 삼성전자 반도체 임원이며 지인인 말 믿어보기로 합니다.
토스증권,삼성전자,2025-03-17T10:17:53+09:00,102446510,392,젠슨황이 잘못 말하면 바로 나락 ㅋㅋ,적당히 먹고 빠집니다 ~
토스증권,삼성전자,2025-03-17T10:17:48+09:00,102446508,393,,오늘 삼전 왜이러노..
토스증권,삼성전자,2025-03-17T10:17:28+09:00,102446478,394,,어쩌라고. 어쩌라고.. 나보고 도대체 어쩌라고.... 검은모리 외국인들아!!! 어쩌라고!!!
토스증권,삼성전자,2025-03-17T10:17:23+09:00,102446470,395,,"오늘 분할익절 체결이 많이 되넴ㅜ
5.9 까지 이대로 쭉 갑시다!!"
토스증권,삼성전자,2025-03-17T10:17:21+09:00,102446468,396,오늘은 삼전이냐?,"이 뭐 오늘은 뭐가 오를지 예측이 안 되네 ㅋㅋㅋ
집집마다 돌면서 매수 함?"
토스증권,삼성전자,2025-03-17T10:16:58+09:00,102446430,397,,적응 안됨...
토스증권,삼성전자,2025-03-17T10:16:37+09:00,102446368,398,,매수 뭐야
토스증권,삼성전자,2025-03-17T10:16:35+09:00,102446366,399,,이제 국장의 시대다
토스증권,삼성전자,2025-03-17T10:16:26+09:00,102446360,400,,이게맞음? 왜오름?
토스증권,삼성전자,2025-03-17T10:15:54+09:00,102446318,401,,"외국인한테 다 빼기네
58000원 뚫음 슝~~~"
토스증권,삼성전자,2025-03-17T10:15:45+09:00,102446304,402,,"지난달에 이쯔음에서 6만전자갈줄 알고 물탔었었었는데...🙄🙄 바로 나락행
이번엔 진짜 가줬음 좋겠네요"
토스증권,삼성전자,2025-03-17T10:15:41+09:00,102446290,403,,2만원만 더 오르자..ㅈㅂ
토스증권,삼성전자,2025-03-17T10:15:41+09:00,102446288,404,아----------,고민되네
토스증권,삼성전자,2025-03-17T10:15:33+09:00,102446280,405,구조대입니다 어디계세요,"기회줄때 파세요
구조대올때 손잡고 나가세요"
토스증권,삼성전자,2025-03-17T10:15:33+09:00,102446278,406,,Macd가 드디어..
토스증권,삼성전자,2025-03-17T10:15:17+09:00,102446256,407,6만,뚤을수있을까요????
토스증권,삼성전자,2025-03-17T10:14:47+09:00,102446196,408,,투석하는분 단어대로 투석한다. 예사롭지않다
토스증권,삼성전자,2025-03-17T10:14:40+09:00,102446182,409,개인이 모르는 호재가,"분명 있는건가?
아님 이럴수 없지..."
토스증권,삼성전자,2025-03-17T10:14:25+09:00,102446158,410,,난 아직 안털렸다 왜? 6만 전자가 코앞이라서요~~
토스증권,삼성전자,2025-03-17T10:13:45+09:00,102446074,411,,호록
토스증권,삼성전자,2025-03-17T10:12:42+09:00,102445936,412,,독한삼성....순창고추장 인수?^^
토스증권,삼성전자,2025-03-17T10:12:10+09:00,102445860,413,,아이 마싯당
토스증권,삼성전자,2025-03-17T10:12:07+09:00,102445852,414,,🍒
토스증권,삼성전자,2025-03-17T10:11:28+09:00,102445756,415,,ㅂㅂ
토스증권,삼성전자,2025-03-17T10:11:19+09:00,102445732,416,,고민만 하다가 못들어갔네
토스증권,삼성전자,2025-03-17T10:11:14+09:00,102445722,417,,내일 쭉 빠지겠지요?
토스증권,삼성전자,2025-03-17T10:10:58+09:00,102445688,418,,드디어 기나긴 하락 끝내네요
토스증권,삼성전자,2025-03-17T10:10:52+09:00,102445672,419,,아 ㅜㅜ
토스증권,삼성전자,2025-03-17T10:10:21+09:00,102445600,420,,이야~~~~
토스증권,삼성전자,2025-03-17T10:10:13+09:00,102445580,421,,불타기 가자잇
토스증권,삼성전자,2025-03-17T10:10:11+09:00,102445574,422,,오늘 6만까지 한번에 가나
토스증권,삼성전자,2025-03-17T10:09:48+09:00,102445528,423,,배당락까지 쭈욱 상승 하겠네... 와우
토스증권,삼성전자,2025-03-17T10:09:37+09:00,102445496,424,,"불꽃펀펀님 이제 그만
자꾸 지면만 차지 함
알면 그냥
매도시기 좀 올려 주시던가"
토스증권,삼성전자,2025-03-17T10:08:34+09:00,102445352,425,,삼성 오르는날 전국민 축제날이구만 ㅋㅋ
토스증권,삼성전자,2025-03-17T10:08:19+09:00,102445308,426,,뭐지. 30만벽이 그냥 뚫리네.
토스증권,삼성전자,2025-03-17T10:07:54+09:00,102445236,427,,안팔고 쭉 가자~
토스증권,삼성전자,2025-03-17T10:07:44+09:00,102445222,428,,3달동안 6층을 못넘기냐
토스증권,삼성전자,2025-03-17T10:07:42+09:00,102445212,429,,오늘 소소하게 71층까지 가자
토스증권,삼성전자,2025-03-17T10:07:22+09:00,102445176,430,,5프로....ㅠㅠ 눈물나네..
토스증권,삼성전자,2025-03-17T10:07:09+09:00,102445146,431,,이야 외국인벌서500만뚤었네
토스증권,삼성전자,2025-03-17T10:06:50+09:00,102445116,432,,매도세가 강한데도 뚫고 올라가는거 보니 힘이 좋으네요
토스증권,삼성전자,2025-03-17T10:06:39+09:00,102445096,433,,탄핵 예상하는건가...가즈아아아~~
토스증권,삼성전자,2025-03-17T10:06:34+09:00,102445090,434,,"또다른 기다림에 배신당하는 아픔은 이제 끝일까요?
홀딩or 버릴까"
토스증권,삼성전자,2025-03-17T10:05:48+09:00,102444990,435,,화이팅^^♡
토스증권,삼성전자,2025-03-17T10:05:30+09:00,102444956,436,6 뚫으면 진입고려..,그 전엔 안사...!
토스증권,삼성전자,2025-03-17T10:05:25+09:00,102444950,437,,아멘 할렐루야
토스증권,삼성전자,2025-03-17T10:05:17+09:00,102444924,438,,이걸 뚫네
토스증권,삼성전자,2025-03-17T10:05:12+09:00,102444908,439,,뭐고 오늘 상한가 치는겨?
토스증권,삼성전자,2025-03-17T10:04:54+09:00,102444862,440,,"응원해요~^^ 삼성 비록 몇달동 안 지금도 여전히 파란색이지만
괜히 마음속으로는 잘되기만 바랄뿐 밉지가 않아요^^"
토스증권,삼성전자,2025-03-17T10:04:41+09:00,102444834,441,,콜옵션나오는데 공매도인것 같다..
토스증권,삼성전자,2025-03-17T10:04:20+09:00,102444778,442,,다시 뛰나요
토스증권,삼성전자,2025-03-17T10:04:09+09:00,102444766,443,?,왜 오르나요
토스증권,삼성전자,2025-03-17T10:03:39+09:00,102444698,444,,앤 왜오는지 ㅋㅋㅋ
토스증권,삼성전자,2025-03-17T10:03:21+09:00,102444640,445,,날라라날라
토스증권,삼성전자,2025-03-17T10:03:15+09:00,102444624,446,,2차전 시작혓다
토스증권,삼성전자,2025-03-17T10:03:04+09:00,102444594,447,,매도마렵다.
토스증권,삼성전자,2025-03-17T10:02:57+09:00,102444580,448,,삼성 이케 오른거 얼마만인가
토스증권,삼성전자,2025-03-17T10:02:44+09:00,102444556,449,,다시 가는듯
토스증권,삼성전자,2025-03-17T10:02:36+09:00,102444540,450,,또 개인들만 털리네
토스증권,삼성전자,2025-03-17T10:02:32+09:00,102444520,451,,독한 삼 성 삼멘
토스증권,삼성전자,2025-03-17T10:02:14+09:00,102444476,452,,"미장은 6개월간 끝났다고보고
오늘 부터 타기 시작합니다"
토스증권,삼성전자,2025-03-17T10:01:53+09:00,102444434,453,삼성전자,쪼금먹고 갑니다다다
토스증권,삼성전자,2025-03-17T10:01:36+09:00,102444406,454,,19일 주주총회라니까 기다려봐?
토스증권,삼성전자,2025-03-17T10:01:14+09:00,102444358,455,,"오늘 외국인 크게 매수네요
오늘 개인 많이 팔겠습니다
그래서 오늘 많이 오르겠네요"
토스증권,삼성전자,2025-03-17T10:01:05+09:00,102444338,456,바느질,그래도 훅 떨구지 않아서 좋다
토스증권,삼성전자,2025-03-17T10:01:04+09:00,102444336,457,왜 오르는거죠?,이유가 있을까요
토스증권,삼성전자,2025-03-17T10:00:30+09:00,102444246,458,ㅋㅋ 얘는 냅둬야함,아직도 50층에서 놀고잇네
토스증권,삼성전자,2025-03-17T10:00:28+09:00,102444240,459,,20분째 보고있는데 힘 다 쓴듯 제자리네
토스증권,삼성전자,2025-03-17T09:59:39+09:00,102444142,460,일찍 떠납니다. 그래도 고맙네요.,"맏형의 늠늠한 모습 기대했는데..

역시.

200 조금 익절로 일단 4yo나라

땡큐 3전"
토스증권,삼성전자,2025-03-17T09:59:31+09:00,102444124,461,,57500매도벽 보소..
토스증권,삼성전자,2025-03-17T09:58:34+09:00,102443966,462,,https://m.blog.naver.com/1stock1step/223798946364
토스증권,삼성전자,2025-03-17T09:58:30+09:00,102443954,463,,윤통 탄핵 기각 /각하되고 ㅉ주당 해산 각 보이니 겁나오르네 ㅋㅋㅋㅋㅋ
토스증권,삼성전자,2025-03-17T09:57:06+09:00,102443750,464,,눈떠보니 상쳤네 머선 일이고~!
토스증권,삼성전자,2025-03-17T09:56:30+09:00,102443668,465,,올라가라 올라가!
토스증권,삼성전자,2025-03-17T09:56:23+09:00,102443648,466,,와 드디어 보합전자 탈출이다
토스증권,삼성전자,2025-03-17T09:56:15+09:00,102443632,467,,많이 털렸는데 국뽕으로 삼성이커야 나라가 큰다 올라가라 드래곤
토스증권,삼성전자,2025-03-17T09:56:01+09:00,102443602,468,삼성전자,난아직멀었어 좀만더힘내봐
토스증권,삼성전자,2025-03-17T09:55:55+09:00,102443588,469,,"ㅇ
ㅙ 올라요?"
토스증권,삼성전자,2025-03-17T09:55:33+09:00,102443540,470,,시작이다!!!!
토스증권,삼성전자,2025-03-17T09:55:26+09:00,102443524,471,오늘 호재 있나요?,갑자기 올라서 질문 드립니다
토스증권,삼성전자,2025-03-17T09:55:22+09:00,102443520,472,열리자마자,더샀어야하는데 이걸 놓치네 하
토스증권,삼성전자,2025-03-17T09:55:16+09:00,102443498,473,,드디어 탈출
토스증권,삼성전자,2025-03-17T09:54:50+09:00,102443432,474,,반찬값 벌고 갑니다. 54000원에서 다시만나요
토스증권,삼성전자,2025-03-17T09:54:48+09:00,102443420,475,,탄핵선반영인가?
토스증권,삼성전자,2025-03-17T09:54:39+09:00,102443394,476,,"버튼잘못눌러서 너무적게먹었습니다.
ㅠㅠㅠ"
토스증권,삼성전자,2025-03-17T09:54:34+09:00,102443382,477,,더주우려고 2천 준비해놨는데 ㅜ 못들어가잖아...
토스증권,삼성전자,2025-03-17T09:54:07+09:00,102443316,478,,"오랫만에 장대양봉에 힘입고, 이번에는 6만은 훨씬 넘어 봅니다."
토스증권,삼성전자,2025-03-17T09:53:37+09:00,102443262,479,,"이시간이면 제자리 걸음 할시간인데
잘가네...."
토스증권,삼성전자,2025-03-17T09:53:12+09:00,102443222,480,,감사합니다 줄먹
토스증권,삼성전자,2025-03-17T09:52:21+09:00,102443102,481,,등신 일년 묵힌거 잘못눌러서 손절 ㅂㅅ이네 나도참
토스증권,삼성전자,2025-03-17T09:50:42+09:00,102442902,482,,소소하게 사료값 겟
토스증권,삼성전자,2025-03-17T09:50:39+09:00,102442894,483,,쭉가자 참힘드네
토스증권,삼성전자,2025-03-17T09:50:37+09:00,102442890,484,내가 다담주에 58000 까지오른다했쥬?,삼성전자 ㅋㅋ
토스증권,삼성전자,2025-03-17T09:50:34+09:00,102442882,485,,외인 나가면 나도 나갈게 재용이형
토스증권,삼성전자,2025-03-17T09:48:52+09:00,102442672,486,,7만가자요ㅛㅛ
토스증권,삼성전자,2025-03-17T09:48:44+09:00,102442654,487,왜 오르지,호재가 뭐 있었나요?
토스증권,삼성전자,2025-03-17T09:48:25+09:00,102442616,488,다시 8만전자만 가주세요,"1년이 걸려도 좋아요
다 팔고 주식같은건 접을게요"
토스증권,삼성전자,2025-03-17T09:48:23+09:00,102442612,489,,ㅜㅜ
토스증권,삼성전자,2025-03-17T09:47:08+09:00,102442460,490,,아오 왜오르냐...ㅡ ㅡ
토스증권,삼성전자,2025-03-17T09:47:01+09:00,102442442,491,,오늘 얼마까지 예상?
토스증권,삼성전자,2025-03-17T09:46:54+09:00,102442414,492,,6만전자?
토스증권,삼성전자,2025-03-17T09:46:53+09:00,102442406,493,,GTC
토스증권,삼성전자,2025-03-17T09:46:23+09:00,102442346,494,,왠일?
토스증권,삼성전자,2025-03-17T09:45:39+09:00,102442264,495,,줄먹 오후에 또보쟈
토스증권,삼성전자,2025-03-17T09:43:57+09:00,102442006,496,,트럼프 이란 별 영향 없는듯?
토스증권,삼성전자,2025-03-17T09:43:45+09:00,102441968,497,,든든하다.
토스증권,삼성전자,2025-03-17T09:43:20+09:00,102441906,498,,"즌슨황이 삼성 HBM qual. 얘기하나보네.
급등하는 이윤있거덩.
이러니 해외 이기기 마이 안숩지."
토스증권,삼성전자,2025-03-17T09:42:46+09:00,102441828,499,,외인들 엄청 들어오네 자사주도 같이 들어오면 오늘 물량 부족하겠네
토스증권,삼성전자,2025-03-17T09:41:16+09:00,102441634,500,아놔,더놔둬야 하는데 팔려버렸네…
토스증권,삼성전자,2025-03-17T09:41:03+09:00,102441590,501,,"#삼성전자
가즈아ㅏㅏㅏㅏㅏ"
토스증권,삼성전자,2025-03-17T09:40:12+09:00,102441470,502,,쏘쏘
토스증권,삼성전자,2025-03-17T09:39:33+09:00,102441360,503,,3성 슛~
토스증권,삼성전자,2025-03-17T09:39:19+09:00,102441314,504,,성투하세여
토스증권,삼성전자,2025-03-17T09:39:09+09:00,102441292,505,,6만 가즈아
토스증권,삼성전자,2025-03-17T09:38:44+09:00,102441238,506,,"삼쪽이 여러분 고생 했습니다
10만 전자 출발 합니다"
토스증권,삼성전자,2025-03-17T09:38:39+09:00,102441220,507,,"삼성전자 소식을 가져왔어요.

미국 실리콘밸리에서 개최되는 GTC 2025에 대한 기대감이 반영되어 삼성전자가 장 초반 4%대 강세를 보이고 있으며 젠슨 황 엔비디아 대표의 발언에 이목이 집중되고 있다.

👇 토스증권에서 기사 보기


앞으로 의 주가는?"
토스증권,삼성전자,2025-03-17T09:38:32+09:00,102441196,508,,"대 호황.. 손절 친거 내 잘못 마음고생해서 지난번 56,000에 손절 때렸는데"
토스증권,삼성전자,2025-03-17T09:38:08+09:00,102441118,509,삼젓 올라오는힘이 마치 작년엔비디아를 보는거같음,ㅇ
토스증권,삼성전자,2025-03-17T09:38:04+09:00,102441108,510,,ㄱㄱㄱ
토스증권,삼성전자,2025-03-17T09:37:50+09:00,102441068,511,,지금 들어가도 늦지않을까요
토스증권,삼성전자,2025-03-17T09:37:49+09:00,102441064,512,,고개숙이지 마라
토스증권,삼성전자,2025-03-17T09:37:42+09:00,102441036,513,,버거형들 오늘 매수 뭔데 ㅎㅎ
토스증권,삼성전자,2025-03-17T09:37:29+09:00,102441000,514,,"두번째 제 평단위로 올라왔네요
먼저도 57.500원에서 팔지를못하고
오랜시간 눌려 아쉬워했기에 이번에도 같은단가로 올라와 6만까지 기다리지못하고 .
타주식 기회비용 사용목적으로 2차정리했네요
삼성 그간 워낙 안좋았어서 이제 올라갈일만 남았다봅니다 . 다만 스펙타클하게 시원히 올라가줄지는 미지수고 오래갈릴꺼라봐서 ...
현 제 상황상의 투자와 맞지않아 2/3매도했습니다 .

이제 몇주없지만 남은 50주는 7만 8만 10만
3년~5년이내 계단식으로가자"
토스증권,삼성전자,2025-03-17T09:37:21+09:00,102440964,515,,버거성님들 머선일이고
토스증권,삼성전자,2025-03-17T09:37:15+09:00,102440940,516,엔비 gtc 열려서 오른건가?,오늘 시작이긴 한데
토스증권,삼성전자,2025-03-17T09:37:10+09:00,102440930,517,,"GTC행사에서 어떤 컨퍼런스콜이 있을지
내일 황회장이 어떤 얘기를 하는지에 따라
반도체 업종 전체에 영향을 미치는 한주가 될겁니다"
토스증권,삼성전자,2025-03-17T09:36:57+09:00,102440874,518,,"N 자눌림목 주면 잡아보고
아니면 기다립니다"
토스증권,삼성전자,2025-03-17T09:36:53+09:00,102440856,519,이번년도8만원까지 가나연?,예?
토스증권,삼성전자,2025-03-17T09:36:34+09:00,102440798,520,,59가자!!
토스증권,삼성전자,2025-03-17T09:36:22+09:00,102440768,521,좋네요,💕
토스증권,삼성전자,2025-03-17T09:36:17+09:00,102440752,522,삼멘 전세계 시총 1등,"가자
엔비디아 인수 해버려"
토스증권,삼성전자,2025-03-17T09:36:11+09:00,102440732,523,,삼전에 물이나 더 탈걸 이라는 생각을 하게 되네 ㄷㄷ;
토스증권,삼성전자,2025-03-17T09:36:00+09:00,102440696,524,,왠일로오르노
토스증권,삼성전자,2025-03-17T09:36:00+09:00,102440694,525,,뭐임 얘 왜 오름
토스증권,삼성전자,2025-03-17T09:35:55+09:00,102440680,526,,5.2에 샀는데 어안이 벙벙
토스증권,삼성전자,2025-03-17T09:35:46+09:00,102440656,527,,어이어이 믿고있었다고
토스증권,삼성전자,2025-03-17T09:35:44+09:00,102440648,528,,"일단 줄 때 일부라도 익절 ,,"
토스증권,삼성전자,2025-03-17T09:35:06+09:00,102440520,529,,힘이좋네
토스증권,삼성전자,2025-03-17T09:34:40+09:00,102440420,530,안녕 삼성,그동안 즐거웠고 다시 보지 말자
토스증권,삼성전자,2025-03-17T09:34:36+09:00,102440400,531,이야~~~,가자~~~
토스증권,삼성전자,2025-03-17T09:34:08+09:00,102440320,532,,"저는 여기까지 하고 다시 올게요 ..
전량매도 했습니다"
토스증권,삼성전자,2025-03-17T09:34:00+09:00,102440294,533,,내가 팔면 오르는구나 으이구 하루만 더 참을걸~~~!!!
토스증권,삼성전자,2025-03-17T09:33:59+09:00,102440288,534,,"삼성전자 홧팅
6만 가자"
토스증권,삼성전자,2025-03-17T09:33:09+09:00,102440148,535,,.
토스증권,삼성전자,2025-03-17T09:33:05+09:00,102440140,536,,맛있는 차트네
토스증권,삼성전자,2025-03-17T09:32:03+09:00,102439978,537,,"외국인, 기관, 개인, 기타법인등 모두가 매입하기를 바랍니다 ㅋㅋㅋ"
토스증권,삼성전자,2025-03-17T09:32:03+09:00,102439974,538,,젠슨황 피해자모임 가입자 수 늘겠네..
토스증권,삼성전자,2025-03-17T09:31:54+09:00,102439944,539,,5%면 몇년만인가
토스증권,삼성전자,2025-03-17T09:31:23+09:00,102439868,540,삼전화이팅,삼전가즈아!!!!
토스증권,삼성전자,2025-03-17T09:31:23+09:00,102439866,541,,줄먹 3차
토스증권,삼성전자,2025-03-17T09:31:16+09:00,102439842,542,,결국에는 삼전은 주요 매출이 디램이여서 중국몽 말고는 답이 없는게 ㅋㅋㅋ 화짱조 까봤자 결국에 삼전 주요 매출은 짱에서 나옴
토스증권,삼성전자,2025-03-17T09:30:53+09:00,102439754,543,,오늘 힘좋네..
토스증권,삼성전자,2025-03-17T09:30:52+09:00,102439752,544,,"곧 내 평단..오래 기다렸다!!
익절 하게 해다오!!!!"
토스증권,삼성전자,2025-03-17T09:30:51+09:00,102439750,545,ㅋㅋ아 또속는분들,없으시죠?
토스증권,삼성전자,2025-03-17T09:30:23+09:00,102439670,546,당분간 안녕~또보자,반려주처럼 모아갈려고 했는데....
토스증권,삼성전자,2025-03-17T09:30:22+09:00,102439666,547,,박스권 뚫으면 갈 만 한데
토스증권,삼성전자,2025-03-17T09:30:16+09:00,102439648,548,,"나는 니가 시냇물인걸 알고 있음.
오후장에 흘러내릴거잖아"
토스증권,삼성전자,2025-03-17T09:30:15+09:00,102439642,549,,엔비에 하청 받냐?
토스증권,삼성전자,2025-03-17T09:29:45+09:00,102439552,550,,전자야 왜이래 나 무서워
토스증권,삼성전자,2025-03-17T09:29:42+09:00,102439538,551,,6만원 돌파 믿어볼까?
토스증권,삼성전자,2025-03-17T09:29:33+09:00,102439510,552,68층이다,아직멀었다
토스증권,삼성전자,2025-03-17T09:29:31+09:00,102439498,553,,???? 대만에 운석 떨어짐???
토스증권,삼성전자,2025-03-17T09:29:30+09:00,102439492,554,,D램이 일냈나 무슨일냈냐
토스증권,삼성전자,2025-03-17T09:29:24+09:00,102439472,555,,삼전 5프로 알람은 적응이 안되네..
토스증권,삼성전자,2025-03-17T09:29:23+09:00,102439470,556,,"어어어
하다가
개미 못줍게 올라가는게
심상치 않다."
토스증권,삼성전자,2025-03-17T09:29:22+09:00,102439466,557,와.. 삼성이 웬일로 이렇게 올르냐 ..,ㄷㄷㄷ
토스증권,삼성전자,2025-03-17T09:29:15+09:00,102439448,558,오르락 내리락...젠슨 황이 뭐 이야기 하겄지요,"다..때가 오긴 합니다.
반도체도 배터리도
저는 정말 허접한 것은 1~2개 빼고는
투자 자체를 안함..

외인들 뭐 알고 들어온 것임.
개인들은 적당히 사시고 파시면 됨..
그럼 더 오르게 되있음.

전 지난번 그렇게 삼전 저가 매수 타이밍
매수를 여러번 이야기했으나.. 주가라는 것이 원래 오르락 내리락 하는 것이니..
제가 뭐 맞았다는 것이 아님.

중요한 것은 내렸을 때 사고,
오르면 팔고..반대로 하지마시고..끝."
토스증권,삼성전자,2025-03-17T09:28:36+09:00,102439342,559,이정도면 엔비한테 하청 받았나보다,오히려 하이닉스는 안오름
토스증권,삼성전자,2025-03-17T09:27:59+09:00,102439238,560,,상한가네 ㄷㄷ
토스증권,삼성전자,2025-03-17T09:27:35+09:00,102439168,561,상한가에 전부 걸어둠,외인아 사놔라
토스증권,삼성전자,2025-03-17T09:27:31+09:00,102439154,562,,역시
토스증권,삼성전자,2025-03-17T09:27:28+09:00,102439144,563,,누누히말하지만 장 마감이 중요함 초반에만 반짝오르고 오후에는 서서히 내려옴 한두번이아님
토스증권,삼성전자,2025-03-17T09:27:02+09:00,102439044,564,,이번주내로 6만원 돌파한다는 희소식이 있다고하던데 그말이 맞나보네요.가슴이 펑~~
토스증권,삼성전자,2025-03-17T09:26:59+09:00,102439036,565,,맛집라인 50-59
토스증권,삼성전자,2025-03-17T09:26:57+09:00,102439024,566,,얘 왜이래요?
토스증권,삼성전자,2025-03-17T09:26:47+09:00,102438998,567,.외인들 총매수 돌입,"#외인기관 총매수
돌입중인가요?"
토스증권,삼성전자,2025-03-17T09:26:35+09:00,102438944,568,,머야 갑자기 오르네
토스증권,삼성전자,2025-03-17T09:26:29+09:00,102438922,569,,가즈아 ... !!!!!
토스증권,삼성전자,2025-03-17T09:26:28+09:00,102438916,570,,오늘 자사주매입안해서 아쉽네 자사주매입도 했으면 개미물량 다받고 외인과 함께 더 크게 오를텐대
토스증권,삼성전자,2025-03-17T09:26:18+09:00,102438890,571,,"깨작깨작 움직이다가 팔고나니까 춤을추네
나도 칼춤이나 춰야겠네"
토스증권,삼성전자,2025-03-17T09:26:16+09:00,102438886,572,,시간얼마 안됐는데 저번주에 비해 거래량 엄청나네요
토스증권,삼성전자,2025-03-17T09:26:15+09:00,102438872,573,,25분만에 거래금6천억돌파
토스증권,삼성전자,2025-03-17T09:26:10+09:00,102438854,574,,매수힘이 강함 다시삼
토스증권,삼성전자,2025-03-17T09:26:01+09:00,102438832,575,,"그냥 엔디비아 GTC행사관련으로 뜨는거에요
저번주 금요일에 미장에서 양자관련주, 반도체, 전력, 데이터센터관련주 다 날아갔었습니다."
토스증권,삼성전자,2025-03-17T09:25:46+09:00,102438770,576,,머선일이거 빨간불
토스증권,삼성전자,2025-03-17T09:25:42+09:00,102438756,577,,잉 갑자기 올라서 와봄 회복가즈아
토스증권,삼성전자,2025-03-17T09:25:34+09:00,102438730,578,,공매도 들어오기 전에 단기 고점 만들어 털려고 그러나
토스증권,삼성전자,2025-03-17T09:25:27+09:00,102438712,579,,무슨 호재가 있나요?
토스증권,삼성전자,2025-03-17T09:25:22+09:00,102438692,580,,줄먹 2차
토스증권,삼성전자,2025-03-17T09:25:22+09:00,102438690,581,,가자 ㅋㅋ
토스증권,삼성전자,2025-03-17T09:25:11+09:00,102438660,582,,근데 재작년인가 삼전 13전자 된다던 넘들 괘씸하네 ㅋㅋㅋㅋ
토스증권,삼성전자,2025-03-17T09:25:11+09:00,102438656,583,,뉴스)디램 가격 상승 전망 공급이 수요를 못 따라가는중 중국이 Ai 투자가 엄청나서
토스증권,삼성전자,2025-03-17T09:24:50+09:00,102438594,584,,안속는다 ㅋㅋ
토스증권,삼성전자,2025-03-17T09:24:16+09:00,102438506,585,,국뽕
토스증권,삼성전자,2025-03-17T09:24:11+09:00,102438482,586,,작전이다
토스증권,삼성전자,2025-03-17T09:24:11+09:00,102438480,587,,"얼마 안되는 금액이니 ㅋㅋㅋ 59층까지 기다려봅니다 ㅋㅋ
안오르고 다시 떨어지면뭐.. 상폐 될일은 없으니 또 기다리죠 뭐 ㅋㅋㅋㅋㅋ"
토스증권,삼성전자,2025-03-17T09:24:10+09:00,102438470,588,,또 떨어진다 적당히 먹도 빠져라
토스증권,삼성전자,2025-03-17T09:23:56+09:00,102438440,589,큰형님 이제 좀,올라가쥬아
토스증권,삼성전자,2025-03-17T09:23:27+09:00,102438346,590,,"삼전 니가 살아야 한국이 산다.
화이팅"
토스증권,삼성전자,2025-03-17T09:23:12+09:00,102438288,591,,단타놀이터되엇노 ㅋㅋㅋ
토스증권,삼성전자,2025-03-17T09:23:02+09:00,102438264,592,,국장이 답이다
토스증권,삼성전자,2025-03-17T09:22:21+09:00,102438146,593,,여러분들~~ 국장하세요~~~
토스증권,삼성전자,2025-03-17T09:22:18+09:00,102438136,594,,작년 4월부터 8만 버텨왔는데 무엇때문인지 아시는 분 손 들어주세요. 오늘 손해보고 팔려다. 오르니까 당황 스럽네요?
토스증권,삼성전자,2025-03-17T09:22:04+09:00,102438098,595,,지금 사면 늦었나요
토스증권,삼성전자,2025-03-17T09:21:48+09:00,102438052,596,냠냠,냠냠~
토스증권,삼성전자,2025-03-17T09:21:43+09:00,102438040,597,,가자 제발
토스증권,삼성전자,2025-03-17T09:21:20+09:00,102437994,598,,상한가다 ㅋ
토스증권,삼성전자,2025-03-17T09:21:14+09:00,102437970,599,잘 먹고 나가요~,혹시 또 떨구면 다시 올게요 다들 성투하세용~
토스증권,삼성전자,2025-03-17T09:21:03+09:00,102437934,600,,외인 파티네 이렇게 들어온적이 얼마만이야
토스증권,삼성전자,2025-03-17T09:21:02+09:00,102437930,601,,탈출
토스증권,삼성전자,2025-03-17T09:20:54+09:00,102437896,602,,삼전이 4퍼면 상한가 한번 친거지 ㅋㅋ
토스증권,삼성전자,2025-03-17T09:20:44+09:00,102437850,603,,역시 외인빠워는 엄청나다 ㄷㄷ
토스증권,삼성전자,2025-03-17T09:20:36+09:00,102437816,604,오마나 ㄷㄷ,"오마나 ㄷㄷㄷ

먼일이냥 ㅠㅡㅠ"
토스증권,삼성전자,2025-03-17T09:20:26+09:00,102437786,605,,61인데 오늘 나도 탈출 가능??
토스증권,삼성전자,2025-03-17T09:19:56+09:00,102437712,606,너..좀 낯설다?,ㅋㅋ
토스증권,삼성전자,2025-03-17T09:19:50+09:00,102437690,607,왓더!,8만층 개미들이 마이 기댜하고 이쓰요
토스증권,삼성전자,2025-03-17T09:19:29+09:00,102437626,608,,56.5층인데 언제팔아야할라나...?
토스증권,삼성전자,2025-03-17T09:19:25+09:00,102437610,609,4만전자ㄱ,4만전자ㄱㄱ
토스증권,삼성전자,2025-03-17T09:19:18+09:00,102437586,610,,"분할익절 감사합니다..ㅜ
5.8도 빨랑 갑시다ㅎㅎ"
토스증권,삼성전자,2025-03-17T09:19:16+09:00,102437578,611,,15분만에 300만주 매집 보기드문 광경
토스증권,삼성전자,2025-03-17T09:19:14+09:00,102437564,612,,원래 그래왔듯 제자리로 돌아올깁니다 ~
토스증권,삼성전자,2025-03-17T09:19:13+09:00,102437560,613,히히,좋아
토스증권,삼성전자,2025-03-17T09:19:11+09:00,102437550,614,,엔비디아 반도체 납품하나보네
토스증권,삼성전자,2025-03-17T09:19:04+09:00,102437534,615,,뭐라도 이득보면 좋네요
토스증권,삼성전자,2025-03-17T09:18:49+09:00,102437490,616,,줄먹ㅎㅎ 내려갈때 또 매수.
토스증권,삼성전자,2025-03-17T09:18:25+09:00,102437434,617,,오늘함 상찍어보자
토스증권,삼성전자,2025-03-17T09:18:25+09:00,102437430,618,,개미잘낚네
토스증권,삼성전자,2025-03-17T09:18:15+09:00,102437408,619,,"오늘이 마지막 손절 타이밍이겠지..?

오늘 대충 손절하고 다른거 사러 가야겠다 ㅠㅠ"
토스증권,삼성전자,2025-03-17T09:18:08+09:00,102437394,620,,오 아침 오분만에
토스증권,삼성전자,2025-03-17T09:18:06+09:00,102437384,621,와오르노????,ㄷㄷㄷㄷㄷ
토스증권,삼성전자,2025-03-17T09:18:03+09:00,102437380,622,,눈물난다 삼전 화이팈
토스증권,삼성전자,2025-03-17T09:17:58+09:00,102437356,623,,근데 먼가 엔비디아랑 먼가 연결고리가 생겼나? 갑자기 외국인들이 엄청사네 이유가 있을텐데
토스증권,삼성전자,2025-03-17T09:17:51+09:00,102437340,624,,오늘 무슨일이죠
토스증권,삼성전자,2025-03-17T09:17:41+09:00,102437312,625,,더살걸
토스증권,삼성전자,2025-03-17T09:17:40+09:00,102437308,626,,삼성은 53~54 에 담아서 57~59 팔기 반복만 했어도 엄청 벌었을듯 몇번째인지 ㅋㅋ 하.. 물린 나는 못하는
토스증권,삼성전자,2025-03-17T09:17:40+09:00,102437304,627,,얘 갑자기 왜이럼
토스증권,삼성전자,2025-03-17T09:17:17+09:00,102437230,628,,이렇게 하는거 맞나요?
토스증권,삼성전자,2025-03-17T09:17:07+09:00,102437206,629,,삼성전자가 어쩌다 이리됐냐 십만전자는 꿈이더냐
토스증권,삼성전자,2025-03-17T09:16:47+09:00,102437142,630,사람 살려,"79층에 사람있어요
#삼성전자"
토스증권,삼성전자,2025-03-17T09:16:47+09:00,102437134,631,,이번에 7만전자는 가겠는데요?
토스증권,삼성전자,2025-03-17T09:16:44+09:00,102437124,632,,"부분탈출!!
혹시 몰라 남겨둠ㅋㅋ"
토스증권,삼성전자,2025-03-17T09:16:43+09:00,102437120,633,,몰루겟다 매도
토스증권,삼성전자,2025-03-17T09:16:31+09:00,102437076,634,,그래도 뭐...
토스증권,삼성전자,2025-03-17T09:16:30+09:00,102437074,635,투표 감사합니다,줄먹이지~!
토스증권,삼성전자,2025-03-17T09:16:21+09:00,102437028,636,오늘성지다 ㅎㅎ,"6만주갑니다
주주총회하니까 오르네"
토스증권,삼성전자,2025-03-17T09:16:18+09:00,102437018,637,,"이재용이 사즉생만 외쳐도 4-5% 가는건가?
이게 무슨 일이야..ㅡ.ㅡ;;
아직 멀었습니다만"
토스증권,삼성전자,2025-03-17T09:16:07+09:00,102436978,638,,털엇당
토스증권,삼성전자,2025-03-17T09:15:51+09:00,102436928,639,,드디어 파운드리 납품하냐??
토스증권,삼성전자,2025-03-17T09:15:44+09:00,102436894,640,,한결같이 평단근처오면 내려감 ㅋㅋ
토스증권,삼성전자,2025-03-17T09:15:42+09:00,102436890,641,,이재명이 주가폭락한다니까 개떡상하네 ㅋㅋ
토스증권,삼성전자,2025-03-17T09:15:40+09:00,102436882,642,,또 속냐
토스증권,삼성전자,2025-03-17T09:15:35+09:00,102436872,643,,외인 초반 300은 첨보네
토스증권,삼성전자,2025-03-17T09:15:30+09:00,102436854,644,,썩 !!!! 꺼뎌라.
토스증권,삼성전자,2025-03-17T09:15:30+09:00,102436850,645,,와 축하해 삼성아
토스증권,삼성전자,2025-03-17T09:15:25+09:00,102436840,646,,6만 6만 넘자 넘자~~
토스증권,삼성전자,2025-03-17T09:15:20+09:00,102436820,647,,에라이 ㅋㅋㅋㅋ
토스증권,삼성전자,2025-03-17T09:15:18+09:00,102436804,648,,잘먹고갑니다
토스증권,삼성전자,2025-03-17T09:15:16+09:00,102436800,649,,오늘 얼마 찍으려나요? 기대기대
토스증권,삼성전자,2025-03-17T09:15:14+09:00,102436794,650,,제자리갈확률 100퍼
토스증권,삼성전자,2025-03-17T09:15:14+09:00,102436792,651,머선129,뜬금 왜오르는지요?
토스증권,삼성전자,2025-03-17T09:15:11+09:00,102436782,652,5% 급등 메세지 오길래,"순간 꿈인줄;;

너무 개연성이 없어서 ㄹㅇ 아직도 자고 있는줄 알았다"
토스증권,삼성전자,2025-03-17T09:15:11+09:00,102436780,653,,오늘 가냐
토스증권,삼성전자,2025-03-17T09:14:54+09:00,102436724,654,삼성....,고맙다!!!!! 난 이제 간다 수고하고~
토스증권,삼성전자,2025-03-17T09:14:39+09:00,102436682,655,,튀자!
토스증권,삼성전자,2025-03-17T09:14:37+09:00,102436676,656,,뭐야 다시 내려가잖아...?
토스증권,삼성전자,2025-03-17T09:14:26+09:00,102436630,657,,"굶주린 입니다 오늘 왜오르죠?
얼마전 다팔고 20주 뒀는데ㅠ"
토스증권,삼성전자,2025-03-17T09:14:23+09:00,102436628,658,,아침부터 왜그래 불안하게
토스증권,삼성전자,2025-03-17T09:14:21+09:00,102436620,659,,넌 내리는게 맞다
토스증권,삼성전자,2025-03-17T09:14:18+09:00,102436612,660,,곧6만전자될거같으면개추
토스증권,삼성전자,2025-03-17T09:14:17+09:00,102436606,661,,"왜 갚자기 오르고 있는거죠 ? 아시는 분 있으십니까, 8만 부터 지금 까지 버틴 사람으로서 고수 분께 여쭈어 봅니다."
토스증권,삼성전자,2025-03-17T09:14:06+09:00,102436584,662,삼쪽이가 왠일로,ㄷㄷ 5%나 올라감
토스증권,삼성전자,2025-03-17T09:13:58+09:00,102436556,663,,거래대금 폭팔하네요
토스증권,삼성전자,2025-03-17T09:13:54+09:00,102436544,664,60프로 털림 수익 ㄱㅅ,ㄱㅅ
토스증권,삼성전자,2025-03-17T09:13:49+09:00,102436530,665,,가좌~^^
토스증권,삼성전자,2025-03-17T09:13:47+09:00,102436522,666,,6만이 가나?ㅋ
토스증권,삼성전자,2025-03-17T09:13:46+09:00,102436514,667,,매물대 소화중
토스증권,삼성전자,2025-03-17T09:13:39+09:00,102436494,668,,개잡주 왠일이니?
토스증권,삼성전자,2025-03-17T09:13:35+09:00,102436492,669,,삼성 무슨일 있어요?
토스증권,삼성전자,2025-03-17T09:13:31+09:00,102436478,670,,이번주 6만 간다~
토스증권,삼성전자,2025-03-17T09:13:30+09:00,102436476,671,,이야...올라 간다
토스증권,삼성전자,2025-03-17T09:13:24+09:00,102436456,672,,"자사주 매입도 주가 떨어트리고 하는거쥬?
수익지금 장난아니쥬? 털지말고 버텨요"
토스증권,삼성전자,2025-03-17T09:13:21+09:00,102436448,673,,오르던지 말던지
토스증권,삼성전자,2025-03-17T09:13:20+09:00,102436438,674,5퍼 상승 알람 이라니 ㄷㄷ,ㅎ
토스증권,삼성전자,2025-03-17T09:13:19+09:00,102436436,675,,샴쏭 왜 이래
토스증권,삼성전자,2025-03-17T09:13:13+09:00,102436412,676,,힘 빠졋나?
토스증권,삼성전자,2025-03-17T09:13:09+09:00,102436402,677,,더살껄!
토스증권,삼성전자,2025-03-17T09:13:09+09:00,102436400,678,,삼전이 물량 다 먹는다
토스증권,삼성전자,2025-03-17T09:13:08+09:00,102436396,679,,???????
토스증권,삼성전자,2025-03-17T09:13:03+09:00,102436380,680,,미쳣냐 삼전. 빨간색을보다니. 헉!!!
토스증권,삼성전자,2025-03-17T09:13:02+09:00,102436370,681,,???
토스증권,삼성전자,2025-03-17T09:12:58+09:00,102436356,682,,수고
토스증권,삼성전자,2025-03-17T09:12:48+09:00,102436322,683,,삼전두 상한가 한번 가보자~~
토스증권,삼성전자,2025-03-17T09:12:45+09:00,102436316,684,,머냐 완전폭등아닌가
토스증권,삼성전자,2025-03-17T09:12:39+09:00,102436294,685,,왜이래요???
토스증권,삼성전자,2025-03-17T09:12:29+09:00,102436258,686,뭔일인가요,왜 갑자기 좋긴하지만
토스증권,삼성전자,2025-03-17T09:12:28+09:00,102436256,687,,오우 삼쪽아!!!!!
토스증권,삼성전자,2025-03-17T09:12:25+09:00,102436246,688,와이카노? 삼전 뭔 일있어요?,이카다가 오후되면 원상복귀 하는거 아니가?
토스증권,삼성전자,2025-03-17T09:12:24+09:00,102436244,689,,지금 들어가도 되나요?
토스증권,삼성전자,2025-03-17T09:12:23+09:00,102436240,690,,6만 가냐
토스증권,삼성전자,2025-03-17T09:12:21+09:00,102436232,691,,"쌀때 잘 담으셨습니까
항상 기회를 드립니다
삼멘~"
토스증권,삼성전자,2025-03-17T09:12:17+09:00,102436218,692,,상승 추세
토스증권,삼성전자,2025-03-17T09:12:02+09:00,102436172,693,,오늘 내일
토스증권,삼성전자,2025-03-17T09:11:56+09:00,102436152,694,,단타들 파는데 더오르네
토스증권,삼성전자,2025-03-17T09:11:47+09:00,102436132,695,,삼성 정보 샜나보네 . 먼가있어
토스증권,삼성전자,2025-03-17T09:11:29+09:00,102436072,696,삼전은 뭐다?,줄때 먹자
토스증권,삼성전자,2025-03-17T09:11:25+09:00,102436060,697,,왜오르니;;;
토스증권,삼성전자,2025-03-17T09:11:24+09:00,102436058,698,,제발 6만!!!
토스증권,삼성전자,2025-03-17T09:11:15+09:00,102436024,699,아 신나,가즈아~~~
토스증권,삼성전자,2025-03-17T09:11:15+09:00,102436022,700,,"오늘상친다
ㅋㅋ"
토스증권,삼성전자,2025-03-17T09:11:08+09:00,102435988,701,왜이래,ㅠ
토스증권,삼성전자,2025-03-17T09:11:06+09:00,102435986,702,이제,갈때 됐다
토스증권,삼성전자,2025-03-17T09:11:04+09:00,102435966,703,옴모ㅏ야,얘 왜이래요?ㅎㅎㅍㅍㅍㅍㅍ
토스증권,삼성전자,2025-03-17T09:11:02+09:00,102435958,704,,"대박.!!!
삼성 홧팅!!"
토스증권,삼성전자,2025-03-17T09:10:59+09:00,102435944,705,,외궄인 형님들 화이팅! !!!
토스증권,삼성전자,2025-03-17T09:10:58+09:00,102435938,706,,순매수
토스증권,삼성전자,2025-03-17T09:10:53+09:00,102435916,707,,"5프로 가자
gtc 뭔가 호재 떴나보다.
물론 개미는 모르고
외국인만 아는."
토스증권,삼성전자,2025-03-17T09:10:51+09:00,102435910,708,,5프로 간다 오늘 삼전 날이내
토스증권,삼성전자,2025-03-17T09:10:47+09:00,102435888,709,,말하는대로 57층 갔네ㅎㅎㅎㅎ
토스증권,삼성전자,2025-03-17T09:10:47+09:00,102435884,710,,오우 삼쪽이 왠일이래
토스증권,삼성전자,2025-03-17T09:10:43+09:00,102435878,711,안녕,다음에 5.3에서 또 봐요
토스증권,삼성전자,2025-03-17T09:10:37+09:00,102435860,712,,상법개정의 힘
토스증권,삼성전자,2025-03-17T09:10:30+09:00,102435842,713,,미쳤다 ^^
토스증권,삼성전자,2025-03-17T09:10:30+09:00,102435840,714,,6층좀보자
토스증권,삼성전자,2025-03-17T09:10:30+09:00,102435838,715,,그래가는거야
토스증권,삼성전자,2025-03-17T09:10:26+09:00,102435828,716,,“삼성다움”
토스증권,삼성전자,2025-03-17T09:10:18+09:00,102435798,717,,밥값만
토스증권,삼성전자,2025-03-17T09:10:02+09:00,102435752,718,,상승세가 다르네요
토스증권,삼성전자,2025-03-17T09:09:57+09:00,102435736,719,,와 오눌 5프로 오르겠네 ㅋㅌㅌㅌㅌㅌㅋㅋㅌㅋㅋ
토스증권,삼성전자,2025-03-17T09:09:49+09:00,102435720,720,,삼전뭐야 왜이래 미쳣어??
토스증권,삼성전자,2025-03-17T09:09:49+09:00,102435718,721,국장은 단타야,ㅇㅇ
토스증권,삼성전자,2025-03-17T09:09:45+09:00,102435704,722,,"오예
전이만 낼 시외에서 다시 만나요."
토스증권,삼성전자,2025-03-17T09:09:40+09:00,102435684,723,,갑자기 어느순간 한번에
토스증권,삼성전자,2025-03-17T09:09:38+09:00,102435676,724,,줄먹
토스증권,삼성전자,2025-03-17T09:09:38+09:00,102435674,725,,뒤진놈 콧짐만도 못하게 오르다가3%오르니까 상한가 오른 기분이네
토스증권,삼성전자,2025-03-17T09:09:34+09:00,102435662,726,,와우
토스증권,삼성전자,2025-03-17T09:09:33+09:00,102435656,727,왠일이죠?,무슨 일 있었나요?
토스증권,삼성전자,2025-03-17T09:09:30+09:00,102435642,728,부디,상한번가면 좋겠다
토스증권,삼성전자,2025-03-17T09:09:29+09:00,102435640,729,,더더더더더 제발
토스증권,삼성전자,2025-03-17T09:09:28+09:00,102435634,730,,ㅠㅠㅠㅠㅠ드디어 수익났네 아
토스증권,삼성전자,2025-03-17T09:09:27+09:00,102435628,731,나이스,기업들이 사주네
토스증권,삼성전자,2025-03-17T09:09:13+09:00,102435574,732,,절반 정리
토스증권,삼성전자,2025-03-17T09:09:12+09:00,102435568,733,,오늘 왜이러는 건데 두근 거리게
토스증권,삼성전자,2025-03-17T09:09:12+09:00,102435564,734,,뭔가 있다
토스증권,삼성전자,2025-03-17T09:09:10+09:00,102435554,735,,와 ㅋㅋ4퍼??
토스증권,삼성전자,2025-03-17T09:09:05+09:00,102435526,736,,캬캬
토스증권,삼성전자,2025-03-17T09:08:48+09:00,102435466,737,하 선택의 기로에 들어섰다,줄먹 VS 숙성
토스증권,삼성전자,2025-03-17T09:08:12+09:00,102435328,738,,"자사주 매입도 가격 낮을때 하는거지ㅋㅋ
이거지 달리자"
토스증권,삼성전자,2025-03-17T09:08:01+09:00,102435286,739,,"헉 이거 모니
제발 6만 전자
올해 안에 한 번만 찍어줘
ㅠㅠㅠㅠ"
토스증권,삼성전자,2025-03-17T09:07:54+09:00,102435260,740,,드디어 오르나
토스증권,삼성전자,2025-03-17T09:07:50+09:00,102435248,741,,삼쪽이 웬일이래..
토스증권,삼성전자,2025-03-17T09:07:46+09:00,102435230,742,,쏘쏘
토스증권,삼성전자,2025-03-17T09:07:40+09:00,102435212,743,,"분할익절이긴 하지만 너무 빨리 팔았나..ㅜ
5.7 다시 빨리 찍읍시다!"
토스증권,삼성전자,2025-03-17T09:07:32+09:00,102435174,744,,안믿는다..
토스증권,삼성전자,2025-03-17T09:07:26+09:00,102435152,745,,머선일임
토스증권,삼성전자,2025-03-17T09:07:14+09:00,102435096,746,,아따 뭔일이래..ㅋ
토스증권,삼성전자,2025-03-17T09:07:12+09:00,102435082,747,,너무 빨리팔았네 ㅠ
토스증권,삼성전자,2025-03-17T09:07:10+09:00,102435070,748,,슬슬 힘이 빠져간다 매도 타이밍 오려나
토스증권,삼성전자,2025-03-17T09:07:08+09:00,102435062,749,,영~차~ 영~차~
토스증권,삼성전자,2025-03-17T09:06:53+09:00,102435010,750,토스쇼핑광고 차단설정하는방법좀알려주세요,***님 찌개.크림 자꾸알림와서 짜증남 ㅠ
토스증권,삼성전자,2025-03-17T09:06:35+09:00,102434934,751,너무 일찍 팔았네 ㅠ,수익나서 팔았더만 1000원 더가네요 화이팅입니다
토스증권,삼성전자,2025-03-17T09:06:21+09:00,102434872,752,,오늘 삼전의 마지막 주차실력은?
토스증권,삼성전자,2025-03-17T09:06:11+09:00,102434846,753,,6만으스가자
토스증권,삼성전자,2025-03-17T09:05:17+09:00,102434682,754,영차 영차,가즈아
토스증권,삼성전자,2025-03-17T09:04:44+09:00,102434586,755,,8만전자 가즈아!!!
토스증권,삼성전자,2025-03-17T09:04:16+09:00,102434492,756,,꺄앙!! 가즈아~
토스증권,삼성전자,2025-03-17T09:04:16+09:00,102434488,757,,삼 성~~~~
토스증권,삼성전자,2025-03-17T09:03:26+09:00,102434340,758,,오늘 목표가까지 오려나
토스증권,삼성전자,2025-03-17T09:03:09+09:00,102434284,759,,삼전이가 정신차린건가
토스증권,삼성전자,2025-03-17T09:03:08+09:00,102434278,760,,오늘 생일인데 6만전자 갔으면 좋겠어요. 제발 ㅜ
토스증권,삼성전자,2025-03-17T09:02:52+09:00,102434246,761,,딴거 모르겠고 57층까지만 가봐
토스증권,삼성전자,2025-03-17T09:02:42+09:00,102434208,762,헐 머야,"상장주 보다 오니 빨강이네 ㅋ
좋다"
토스증권,삼성전자,2025-03-17T09:02:42+09:00,102434206,763,,오오오오
토스증권,삼성전자,2025-03-17T09:02:15+09:00,102434122,764,,상한가 간다ㅋㅋ 이거지
토스증권,삼성전자,2025-03-17T09:01:57+09:00,102434076,765,,판매대기 쫙 늘어나내 소름
토스증권,삼성전자,2025-03-17T09:01:12+09:00,102433958,766,,자 드가자~
토스증권,삼성전자,2025-03-17T09:00:57+09:00,102433920,767,,달린다ㅋㅋ
