text,label
무죄인데 주가는,1
"반도체 업계는 7일(현지 시간) 미국 라스베이거스에서 열리는 정보기술(IT) 가전 전시회 ‘CES 2025’를 주목하고 있다. 
황 CEO는 올해 CES에서 기조연설과 함께 질의응답을 진행할 예정이다. 이 자리에서 블랙웰 양산 진행 상황과 함께 발열 등 결함 개선 여부에 대해 구체적인 답을 내놓을 것이란 전망이 나온다.",2
국장은 진짜 하는거 아닌듯ㄷㄷㄷ,1
오 뚫는다,1
잠시 국장을 들어왔던 내가 바보지...,1
본전 되자마자 팔고 다시는 안사야겠다…,0
오늘은 불장이라했자네~,2
4만전자 빨리 와라..,1
돈복사 버그 터졌습니다 탑승하세욧,2
쉬었다올게요 :),1
"10만  가기전에  답답해서  회사 망하겠다
젠 장",1
회사 후배가 하이닉스 40만 50만 간다고  눈알이 살짝 돌아서 20만 위여도 사야한다고 하자마자 귀신같이 떨어지네... 근데 나도 삼전 10만 간다고 눈알  돌앗는데  삼전도  그럼  나락 가는건가... 나도 인간지표인데,0
지인에 지인이 이쪽업계 종사자라는데 토스부도날수도 잇다고 하는데 관련기사나 자료가 없네요 혹시 아시는분 계실가 해서 글남겨봅니다,1
"경제에 기여한 기업은맞는데
전략기획실 해체되고 컨트럴타워가 맛이갔음
가뜩이나 관료조직인데 전성기는 지났음",1
건희형이 보고 싶구나..,1
ㅋㅋ 다시 원상복귀....,1
내가   아까   500원이라도  먹으려면   매수  하라고  했지,2
얜 뭐니?,1
나가지마세요. 쭉갑니데이,1
3만원대 풀매수 갈게용,2
"할일 없으니깐 봉사쳐하고있네...
일이나 열심히 할것이지",1
양키들이 사고있다!,2
가자,2
아픈손가락이네여,1
도로마무?,1
오를것 같아서 샀어요,1
"어닝서프라이즈 떴는데
2프로를 못뚫네요
미장은 앱장에서 15프로를 올리는데 이정도 시총이면
참 국장 문제긴하네요",2
ㅋㅋ 어제 장마감에 개미 털고 오전에도 털고 올리네,2
그냥 호재 떴는데도 이러면 ㅋㅋㅋ 답이 좀 없는 거 같은데,2
"개인적으로는 5만대라면 1천주정도는
 줍줍할껀데...",0
망할것 헐~~~,1
"점심시간 끝났다..
삼전아..이젠.. 일해야지!!!
움직여라..위로위로~~!!!",0
다시 가즈아,2
크게가자,2
내릴때 사두면 오르지않을까용,1
삼전이 이러면 안되는데..이렇게까지 날 괴롭히네...,1
"코스피 전일비 141프로가  빠지냐
Imf 시즌2냐

이정재 당신은 대체 몇수를 내다 보신겁니까ㅋ",1
국장 안하고 있는사람?,1
국내장 붙들고 스트레스 받지 마시고 해외장으로 갈아타세용 갓애플!!,2
"57100에 2천만원 질렀는데 괜찮겠지
그래도 삼전인데..",1
뺄땐 잣나게 뺌 ㅠ,1
"삼성은 무적임?
그래봐야 ㅋㅋㅋㅋ 엔비 수주도 못 받고 외국애들 다 빠지는데 무지성 삼성삼성
왜빠지는지 알려고도 못 하는데 주식 왜함ㅋㅋㅋㅋㅋㅋㅋ 걍 예금 하던가 채권이나 사세요",0
8만가면 좋겠지만 아직 갈길이 먼듯,1
외국인이 계속 매도하는데도 오늘 왜 오르는거죠?,0
영차 영차,2
나름,1
삼전 파이팅!!!,1
내가 종목명을 말해줬을 때 어른들은 그제야 공포를 느낀다,1
20.000전자간다,2
매번 얘기하지만 개미들이 문제야,1
더더 쭉쭉 올라가즈아,2
"삼전은 한국인으로써 어쩔 수 없이 (?)
하나씩 주워가며 조심스럽게 지켜보려 합니다.",1
"또 뉴스에 겹악재라고ᆢㅠㅠ
글치만 기다리고 내려가면 물타고 끝까지 기다릴거다 나는ᆢ",0
돼지들 좀 끄지라,1
첫 주식 투자인데 어제 넣고 하루만에 6%가 올라서 일단 팔았어용..! 음료 한잔값 벌었네요ㅎㅎ,2
"22년도에 회사 대표님이 삼전은 5년동안 쳐다도 보지 말라고 하셨다. 삼전의 적정가격은 3만, 삼만전자라고 하셨는데 그말이 진짜일까? 그말이 맞다면 27년도에 상승?!",1
이런 상황에 불타기 위험하지 않나요?,1
음 빼자 담에 오리,1
갤럭시 망했나요?,0
외국인들 따라가자!내릴때 사들이자,2
59800원까지만 가겠습니다,1
치킨값 2만원만 벌자,1
저 평단 68500원임 ㅎㅎ 피래미들 조용히하셈,1
오늘도 소액 익절하고 다시 진입할까 합니다.,2
ㅋㅋ 아직도 나스닥 안하는 흑우 없재?,0
커피값 확보,1
그래도 시장 따라가는게 어디야 1월만해도 시장은 다 가는데 얘만 빌빌 거렸자너~~,1
머에요?,1
모르는사람 없지?,1
맞죠..오를 일만 남은거겠죠,1
던져야할가요?,0
"개미님오를때 많이많이 사시옵고
내릴때  많이많이 팔아주세요
내 주식올라가게요
감사해요",2
하씨 결국 4만 보내,1
보유주식 금액 빨간 불 진짜 오랜만이다...,1
외인 다 빠져나가는데 무슨 떨어지는 칼끝을 잡을려고....,1
외인 단타치고 나갔내 ㅋㅋ,1
"1.  환율 너무 높지 않음?
2. 미국주식 너무 올랐는데 고점 아님?
3. 비트코인 그거 사기 아님? 
4. 지금 삼성 많이 떨어졌는데 차라리 삼성이 낫지 않음?


ㅋㅋㅋ하하하",2
"장시간이 끝났는데도 불구하고 
나도모르게 계속 보게되는 너가싫다",1
기관임?,1
덕분에 미장 다 떨어진다 ㅋㅋㅋ,1
뚫느냐못뚫느냐네..,1
"오늘은 날씨처럼 우울한 하루가 되겠네요
매일 오를수는 없지만 어제 오른게 다 수포로 돌아가는 느낌입니다. 
삼전은 코스피의 약 삼십프로 정도를 차지 하고 시총도 400조가 넘는 무거운 주식입니다. 
그만큼 삼성자체의 소식도 주가에 영향을 미치기도 하지만, 시장의 상황에 가장 영향을 많이 받는 종목이기도 합니다. 
미국 은행들 신용등급이 어젯밤 줄줄이 하락하고 cpi 예상치도 전달 보다 소폭 오른 예상치를 보여주고 있습니다. 오늘은 어둡지만 내일은 더 밝은 하루를 기대하며 오늘 

하루를 버텨 보고 성투해봅시다~",0
흠,1
ㅋㅋㅋㅋㅋㅋㅋ,1
개미드라 더 받아먹으라구~~~~,1
HBM 있고 없고가 차이네..  이제 하닉은 훨훨 삼전은 추락 이건가..,0
무슨 국내 최고 기업이라는데가 빌빌대냐,2
얼른 7만 가즈아~,2
출발좀 하자 너때문에 맨날 라면만먹는다,1
국장기준 진수성찬 즐깁니다,1
독하다 독해 이래도 국장을 해!!!,1
내일 68층 갈거같나요??,1
47500에 풀매수 갈길게요~,2
"10 일만 기달려줘 
집팔았다",1
시외 호가창 뭥미 예상채결량 270만주 에 채결가 61100;,1
한국을 제발 살려주세요,0
79에저 정리하길 정말 잘한듯 ㅋㅋ 삼전은 개나소나 다사는 잡주!! 한화에어로 스페이스로 넘어간게 신의 한수!!!,0
이게 팔리네…. 아깝다…,1
매도 먼저 맞는 게 낫다고 어차피 30층 갈 거 빨리 가자 구경하는 맛이 있어여지,1
부정여론 쏙들어가고 믿는다 하는사람 많아졌네 ㅋㅋㅋ,1
이번주 5.7 가겠구만,1
지금이니!,1
"평단 59500이라 손절하고
평단 낮출라고 30개 줏어놨는데
그게 또 마이너스 치고있는중
이것도 재주인듯..ㅋㅋㅋㅋㅋㅋㅋㅋㅋ",0
큰 손들 비트사려고 패닉셀중..,0
개미의 힘!! 파이팅!!!!,1
그러게 기관들이 어마무시하게 사들이는거보이 뭔가 큰호재가 있는모양ᆢ,2
모레에도 팔꺼야,1
..아으 검색하자마자 나오네,1
시장가 손절때렷다 ㅈㅈ,0
비오네요.,1
와 코인  한순간에 8백내려왓다가  다시  회복중  징하다,1
진짜강추,1
손절치고싶다ㅏㅏㅏㅏㅏㅏㅏㅏㅏㅏ,0
언제쯤 사는게 좋을까요?,1
버거형들 지치면 안돼!! 힘내!!,1
어제외국인들 산다했지만 결과보면 팔았음 너무 토스믿지마세용,1
삼전 내일 외넘들 판다 안판다,0
히히,1
맛있다,1
악재끝났어 이제 오를일만남았다,0
이래 이래 9만 5~7천,1
잘하는짓인지 모르겠다,1
"동전 몇푼에 눈이먼 개관 개ㅅ들
지켜주질않네 걍 구걸을해라
개ㅅ들아~~~",1
추매,0
Thank,1
하 조금있으면7자보겠네ㅋㅋㅋ,1
ㅋㅋ  야 꾹꾹 다져서 오른다,2
"저 오늘 꼭대기에서 샀어요
사자마자 내려서 마이너스...
에휴...",0
2차전지에서 반도체로 흐름이 넘어오나요..,1
무슨 일이야?? 이게,1
"61층 😂
66 이상일때 전액 매수갑니다",2
@[에코프로](A086520) 떨어지니까 얘가 오르네,2
제발ㅠ,1
9월3일부터 융단폭격이네 외인들,1
데모때문에빠졎나보네.에잇,1
"게미들 신나게
매도하네.
좀기다리지....",0
빠지려면 그냥 확 빠져라 더 줍기라도 하게,1
8만원때 무수한 숏기회를 두고 인제와서 숏을 본다고? ㅋㅋ 접어라,2
굿굿,1
매수기회를 또 주시넹,2
근데 삼전은 진짜 안팔고 버티면 기회는 옴. 나도 7만원에 있었는데 제작년에 7만원 와서 익절했눔 1년만에 6만원 익절하긴했늠....,2
힘내라 삼성,1
진입,1
"공포에 매수한다는 애들은 진짜 공포가 뭔지 모른다..

진짜 공포는 숨이 안쉬어진다",2
"Pbr 0.9이하는 안떨어짐
이씨 사람들 대출때문에..",0
시외장 55800,1
ㅋㅋ,1
평단 56900 으로 내려왔네요. 얼릉 올라서 팔고 싶다.,2
가자아아!!,2
어? 오늘은 곡소리 안나넹,0
그냥 삼전뿐 아니라 국장은 힘들다,1
"외인들 기관들 초반에 주가 끌어올리고 

개미들 올라타니까 다 팔고 튀어버림 ㅋㅋㅋ

결국 남은건 개미들 ㅋㅋㅋㅋㅋㅋㅋㅋㅋ

진짜 ㄹㅈㄷ다 국장",0
이정도면 뭔가있는게아닐까 외인이 이시간에 벌써 400만주를 던졋네,1
"620ㅡ622 까지 올 줄 알았는대

아쉽내 ㅋㅋ 아직 오후 하락장이 남아 있지만 ㅡㅡ
62 까지 와서 물타기좀 걷어가지 안타깝내",0
이래놓고 나중에 외인은 지금 파는양의 절반만으로도 지금 주식가격까지 끌어 올리니까 손해를 안보겠지 걍 버티거나 추매하는게 답같음,1
와… 이러면 외상거래나 빚내서 투자한사람들은 말그대로 나락인데 ㄷㄷ,0
좀가자!!,2
"이때다 싶어 개나소나 깎아내리는 거 보니..
개장 후 반등도 가능할듯",1
50000원까지 내려가면 눈길 한번 줘야겠다! 안오면 아쉬운거고,1
64일때 삼전 사지도 못한 흑우들 왜케 깝싸노ㅋㅋ,0
실화냐,1
100만 손해 보는중인데 국장 열리면 바로 팔아야하나요 ㅠㅠ,1
좀 내려가물좀타게..,1
오늘 느낌 좋다,1
"외인 과 기관이 제일 싫어하는 부분이
퀄통과일지도 모르겠음
퀄통과시 안 들어갈 수도 없고
퀄통과 직전에 자기 맘대로 좌지우지 하는 게 기관과 외인에게는 이득 인 듯 하네 결국 내생각엔 빨리 삼성에서 정식 입장문이 나와야 남은 기관 외인 물량이 들어와야 구만 이든 십만이든 가지 안을까^^기다려 보자구요",1
"아.. 아까 손 근질할때 팔았어야 했는데..
겨우 참았더니 열나서 온몸이 다 근질하네..ㅡㅡ",1
개관 구매 스타트 ㅋㅋㅋㅋㅋㅋㅋㅋㅋㅋ,1
ㅋ,1
역시 오물풍선 그 이상 없는 것을 아는 외인,1
넥스트레이든가 그거랑 겹쳐서 그런지 호가 이상하네,1
주워도 삼전을 줍는게 맞나,1
"노노미 사랑하시죠?

삼전이야기: 삼성은 엔비 바짓가랑이 잡기보단 구글과 협업해야한다 구체적으론 째드가 신라호텔 망고빙수 먹튀 영상을 찍어 올리며 도네를 받으면 호ㅏ재임",1
생각보다  잘 가고있어 다행이네요..^^,1
7프로?,1
삼성은 안망하는데 삼성 거머쥔 나는 망한듯...ㅎㅎ^^,0
닐리야~~니나노~~~♡♡,1
"이런 유미디진 삼전 파니까 쳐오르네 ㅋㅋㅋ
공감대면 개추",2
너무 일찍 샀네,2
평단 65 ㅜ ㅜ 미처버리겠네여.. 더이상 물타기 안해야하나..,1
미장은 인텔 국장은 삼전 ..두개 다가지고있는 나는...헬미~~,1
얼마까지떨어질까요?,0
"이야 기대된다 수요일
얼마나 떨어질까",0
얼른 더 내려온나~~,1
6만 까지 내려와라. 돈 더 넣게ㅋㅋㅋㅋㅋ,1
와따 마  가자,2
인텔 구조 조정한다고 했을 때 하루만에 26% 주가 빠졌으니까 삼성도 평균가 70000~73000원 여기서 25%면 대략 55000~59000원임.. 이 밑으로 내려간다고 해도 2000원 정도 빠지고 반등할것으로 예상함.. 인텔 처럼 조금만 변화해도 삼성은 시총이 높아서 조금의 이슈로 연일 상승할것임,1
폐지 줍는 노인의 심정으로,1
가즈아,2
저점판독기!,0
"hbm 중국에 못 팔아? 
그나마 저급 hbm에서 나는 수익도 없어지겠네?
바로 삼성 외국인 처단 옴 ㅇㅇ

hbm 중국에 못 팔아?
그럼 hbm 수익 남는데가 미국밖에 없잖아?
바로 하닉 외국인 풀매수 땡김 ㅇㅇ",2
"그래도 얘는 조금이라도 올라오네...
최고가라...ㅋ...",2
아직 멀었다 회사보면,1
오늘 외인이 매수네...,2
오늘 점심값,1
78층이라 별 생각이 없습니다 ㅋㅋㅋㅋ,1
조만간 735 뚫을것같은 차트,1
"계약서 도장찍기전엔 아무도 모름
그럼 기자 인터뷰하는데 대놓고
 삼전은 탈락임! 이럴거임?",1
아 삼전 살 때 하이닉스 살걸,1
양전됫다 ㅠㅠ,2
"이거 중독이다.
9시 개장만기다리다 오늘 공휴일이라는거 알았을때의 허무함.전에는 데이장가면 됬는데 그것도 막혀있고 프리장5시까지 모하지?",1
외인이 사야하는데 ㅠ,1
아 욕하고싶다..,1
삼성 최대 리스크가  전자를 하고 잇다는것..ㅠㅠ,1
2월 12일 외국인 600만 매수 이후 최고 기록 ㄷㄷ 이번엔 흐름 타나 아니면 2월처럼 다시 흐르나,2
ㅎ,1
"안녕하세요 완전 완전 주린이입니다!
적금처럼 1년 1개월, 1달에 1주씩 모아봤는데 한번도 팔아본적이 없어서 더 올라도 한번 이런 기분이구나 경험해보려고 매도했습니다!
+아주 오래 보유하고 버티셨던 분들 더 오르시길 기원합니다!",2
미국이 치솟아 올라주는데도 기분이 썩 좋지만은않네,2
"@[한미반도체](A042700) 니가최고다..

후",2
6층에 있는데…. 다행인건 2주만 맛보기로 샀었다는 거….,1
삼전만 패대기 개레전드 역사책에 실려야된다 이새긴 ㅋㅋㅋㅋㅋㅋㅋㅋ,0
이건희회장의 유명한 말이 있죠.. 우리는 기다려주겠으나. 대신 남의 뒷다리는 잡지말아라.,1
"덕분에 통장 텅장 되것다.
뒤에 0하나 더 붙었네...
천대로 내리 앉았다.ㅎㅎ
차 하나 뽑으려 했건만...
8만대 기다리다 차는 못뽑고 폐차만 시킬판...ㅋㅋ",1
"외상거래 조심하세요.
체크 누르면 내가 원화가 남아있어도 증거금으로 먼저 써지면서 아주 복잡해져요.
저번주에 이거땜에 금욜 밤까지 통화 계속 주고 받았네요..
동의 누르고 체크를 안한상태에서 사도 동의를 했기때문에 그렇다고 하는 등.. 죄송하다고는 하지만 곤란해요 ㅠ

결론 : 꼭 쓸거아니면 외상거래 동의도 누르지마십쇼",1
"무조건 옴. 6만 전자도 다시 올 수 있음. 반도체 사이클따라 수요 떨어지면 다시 매출떨어지고 주가 내리고 그게 한 2-3년 주기인데 지금 반도체 호황이기라 오르는데 지금 시기에 잘못 물려서 고점에 물리면 손절치지 않는 이상 2년은 존버해야됨.

10만전자?는 어림없고 내가 봤을때 이번 싸이클 삼전의 최대가격은 많이쳐줘서 9만전자라봄. 그리고 AI가 붐이라 자꾸 돈이 몰리고 주가가 급등하는데 결국에는 차익 실현 매물로 또 떨어지게 되어 있음.

참고로 나도 삼전 주주고 다른 계좌에 삼전 5만원대 700주 들고 있는데 삼전은 장투하는 종목 절대아님 그다지 혁신도 없고 그냥 꾸준하게 반도체 만드는 회사라 주가가 횡보하는거임.

꾸준히 100만원 버는 회사는 주가가 오르지 않음.
10만원을 벌어도 앞으로 20만원, 30만원 벌거 같은 회사들이 주가가 오르지.",1
🤣,1
국민잡주 오르는꼴을 못보네,0
개인들은 500원 1000원만 올라가면 팔고 가네 ㅎㅎ 이럴거면 뭐하러 삼성 사서 단타치냐?,1
들어오네 아..8.3추매할랫는데,0
살려줘,0
맛있어보이는데,1
그만하고 망해라 아으으아으아우유아으,1
S24 출시 불구하고도 개잡주 클라스네 진짴ㅋㅋㅋㅋ국장은 진짜 정병들이 하는곳이다 ㄹㅇ..,0
"대출 받아서 삼전 투자
-100만원 ㅋㅋㅋㅋㅋㅋㅋ
담달부터  이자도 나간다
누굴 탓해 내탓이지 ㅋㅋㅋㅋㅋㅋㅋ
삼전 뭍어놓고 열심히 빚이나 갚으면서 세월이나 기다려야지 ㅋㅋㅋㅋㅋ",2
ㅋㅋ시작됐다 그의 @[레이](A228670)스가,1
점심값,1
넌 그냥 믿음으로 간다,2
판매대기가 더높다니 감동ㅋㅋ,1
머냐,1
5만원가자,2
"개미들 돈 왜이렇게 많어?
외국인 기관 물량 다 받아버리네
굿 👍",1
"아니 내 삼전이 빨간불이라고???
21년에 샀다가 팔지도 않고 숨겨놨는데 ㅠ 눈물나넹",2
악 역시 삼전  나락 가는구나 ... 오를땐  힘겹게 영차!!! 내릴땐  가볍게 영차!!!!,1
이야 결국엔 다시 마이너스를 맛 보는구나,1
음흐,1
팔 때,1
응원합니다,1
삼전 주식 핫딜 중,1
"오늘은 오르겟지 
내일은 오르겟지
다음주는 오르겟지
다다음주는 오르겟지
결국은  ㅅ ㅎ ㄷ
삼전이 일할때
다른 회사는 뭐  잠자나
부자 빼고 없는사람은
깊이생각해야 하네요
뭐 십만전자? 
지금  영어하냐 ?",1
마지막 탈출각,0
매도벽 ㅋㅋㅋㅋㅋㅋㅋㅋㅋㅋ,0
저 처음 왔는데 혹시 언제 시작하나요?,1
좃됫다,1
ㅋㅋㅋㅋㅋㅋㅋㅋㅋㅋㅋㅋㅋㅋㅋㅋㅋㅋㅋㅋㅋㅋㅋㅋㅋㅋㅌㅋ,1
단타 개미들  못타게 6만 가자,2
"난 중 ?

?  아니 여기두 저기두
아닌대",1
적어도 75까지는 가지 않을까요,1
오르겠냐고,1
첨받아봣네ㅜ가꼬잇다..,1
"줄먹.. 반년넘게 갖고있었는데 다시 떨어질때마다 후회했었음
5만 중반오면 재진입합니다",0
이거 더 올라갈려나,2
54 좀 뚫자,1
"올라갈때 팔고
내려갈때 사는
막강한 600만
개미군단
외인.기관이
조단위로 공격해도
다막아내는 개미들ㅋ",1
외국인이 파니 개관들도 팔고,0
57층58층 왔다가 50까지갔는데 또 그 패턴인가?,2
지금이니?,1
평단오면 빼고 미장 갈래…,1
"와진짜쏘래기주식이네,,,삼전이왜이꼴라지가됐냐",1
"(악재) 아직도 HBM..
(호재) 새로 설계하면 올라갈수 있다는 소리",2
"풀 매수 기회!
다들 줍줍 하십셔",2
외인과 기관이 쌍끌이로 주가를 끌어내리려는게 보이네요 자사주와 개인매수세로 방어함 내일자로 소폭 상승예감,2
이왕 떨어지는거 추매하게 7.7선까지 떨어져줘,0
줍,1
개쫄보들 진짜,1
"금투세 시행하면 털어먹던 개미들 다 미장갈텐데
뭔 재미로 국장하겠누",1
59뚫었죠??,1
에..?,1
8만원 벽 보소..,1
"개미 단타쟁이들(도박투기꾼)  매도때문 주가가 시원하게 상승 못하네...

개미단타쟁이들 현재 엄청 매도폭탄 때리고 있는중...",1
어제 팔고 재진입할껄ㅠㅠ 삼전은 진짜 울고웃게하네ㅠ,0
5만깨지면 고공낙하아녀,1
외국인이 이 악물고 팔면 기관이고 나발이고 없네,1
젠장...5프로 먹었을때 던졌어야하나...,0
상태나지금껏 봐서 오르기는 하는데 3~4년은 족히걸릴듯,1
아ㅠㅠ,1
지분율 확인 못하나여?,1
제가 손절쳐서 오르네요,2
대호황이다!!!,2
에효 이러다 마감이겟군,1
삼성은 내가 살때마다  폭낙이네 ㅠㅠ,1
연말 말한대로가는군 그람이제 8만 전자는 얼마안남았다 가즈아 고고고,2
외궈놈들 밥먹고 슬슬 오네,1
국민주식이   국민  빛쟁이만드네 ㅋ,1
"여기서 말씀하시는 분들은 주주 아닌분들도 많네요?
주주들은 혈압올라서 쳐다보지도 않는등",2
바닥인 듯 바닥 아닌 바닥 같은 너,0
200주 매도 75만원 손절ㅜㅜ,0
"8프로. 적금 과. 주식투자 어떤게  ...
손실만보고 있는데 ..
어떤게 나을까요?",0
에라 모르겟다 존버,1
아직 고점인건가...,2
와~! 나에게도 빵간 숫자가 생기다니...,1
"팔거면 빨리빨리 팔고 가라
니들 말고도 갈길 먼 애들 아직 많아",0
개미가 타고있어요,1
기관매국노들 승리일까 외인들 승리일까,2
"토스증권 가입하면서 주식 구매해봅니다

이제 한가족이니 잘 부탁드려요~",1
상상전자가 상승하려면?,2
태풍 노루가 온다고 노루페인트 사는 능지가지고 뭘 주식한다고 ㅋㅋㅋㅋ,1
아니 삼성미친거야??,1
어휴 내가 이걸왜샀지...애플을 더살걸...,1
상금은 없어요 ㅎ,1
상한가 칩니다,2
이정도면 다른  종목은 상쳤음,1
"크게 안떨어질거 같은데 ㅇㅅㅇ
하도 쌓인게 많아서 오히려 더 단단해질듯",0
개미가 많이 꼬여 주가가 무거운 듯,1
외인 들어오는대 왜 내리노,1
미안해용...,1
쓰바.. 더 내려갔네,1
"하핫 그래도 올해 200마넌 넘게 팔아서 좋다
솔직히? 진짜 구만오천 십만가서 다 팔아버리고싶었지만
나름 만족한다.. 엄빠는 내가 판줄도 모를거야 낄낄낄
엄마 걱정마 딴거안해 나스닥에 넣어놓을게
삼성이 십만전자갈동안 나스닥은 놀고있겠어?
내가 잘 굴려볼게 내돈이니까",0
어제 나스닥 좋은거 한국버리고간 버거형들이 다시 들어가서 좋아진거겠지? 매력없는 국장,2
내일다시올라가겟지 믿음으로 안판다,1
기가 막히네 삼선이 8퍼오르는걸보네 이대로 유지하면. 역사에남을일..,1
7만원대 가자~,2
너무한다,1
다시 5만전자 가나??,1
집나갓던 외인이 돌아왓구나,2
매일 똑같은 그 맛,1
삼전 팔고 하닉이나 살걸,0
외인 기관 다 팔아도 양전을 만드네,2
뺄때가됐구나,1
.,1
무섭네 매도가 밀려있네,0
"55000원 정도로 시작하면 그때라도 사는 게 좋을까요, 아님 떠난 버스라고 생각하는 게 좋을까요?",1
"계단식
하향^",1
5만원에 알람걸고 갑니다~~,2
"오늘삼성배당금주는날아닌가
그러니외국인이사는거고",2
오늘도 웃으면서 홧팅!!,1
진짜 100원 왔다 갔다 ㅎㅎ.,2
"펑단만 오면 던지고 안쳐다 볼라고 그렇게 몇번을 마음을 먹었구만...
막상 평단이 오니 던지지는 못하네 ㅎ",0
일단 조금정리,1
86산다는거취소,1
응~ 계속 물타면 그만이야~,1
감사해용♡,1
물타면 -1%안쪽인데 돈이 없네,1
내일은 더 싼데 왜 오늘사???,1
10만전자는 🐕꿈,1
"저는 초보인데요 국장은 정말 고수님들이 하시고 미장은 저같은 사람들이 넘쳐나네요 국장도 미장처럼 자본이 모이게하는 방법은 없을까요?
형님들의 의견이 궁금합니다...^^
올라봤자 100원이네요... 1주 주주로서
 들어가기가 무섭네요...",2
왜이래 히바리가 없니 😆,0
재용이 형 내년에 S25 쓰껄~ 하게 나오는 거 맞지? 나 S20FE 아직 쓰는데 어끄제 술 마시고 액정 나갔단 말이야... 띵작 기대할게!,1
"삼전 빼서 이상한데 넣어서 물리지들 말고
록히드마틴 주목",1
또빠개는구나,1
넌 잘못된선택이었어,1
오늘 전일대비 삼전 종가 예상 %은?,1
하...잠깐이지만 그래도 눈물난다 너안죽었구나,1
호재 뉴스 떴다,2
담아!!!,1
호가창 싹비었는데 언제올라감?,2
오후가 기대되는 하루다,1
국장다  망했어요  이러다 본전은커녕 ㅠㅠ기다리고기다려도  희망이없는듯.. 손해가너무큰데 어찌해야될지,1
환율 방어 좀 해라 머하냐..,1
ㄷㄷ. 2걸 개미가?,1
워 외인들이 산다고?????,1
ㅈㄱㄴ,1
6만원대 가자~~~ 물타게~~~ 내가죽나 돈이죽지~~~ ㅎㅎㅎ~~~,2
음 널 어쩜 좋지?,1
"진지하게 왜국장해요?
어차피 나스닥 따까리인데
미주하면 돈 더벌잖아요 달러도 벌고",1
빨리 5만좀 와바 담게,1
매수할라했드만 더 떨어지네,1
"처음 주식할때 오르겠나? 하고 1주만 샀는데..
응... 추매 안했던 나 반성해라.",0
호가쌓이는거봐라 어휴 ㅠ,1
나의 아픈손가락,1
"갤럭시든 반도체든 고질적으로 안고쳐지는게 발열인데
삼성 HBM이 발열 때문에 엔비디아한테 뺀지 먹었다던데
그렇다면 도대체 언제 테스트 통과될지 답이 없는게 아닐까요
발열이 고칠 수 있는 문제면 진작에 고쳤겠죠
한미반도체 장비를 쓰면 고쳐질거라 믿는 분들도 있는데
전 그거도 아니라고 봅니다. 
한미 장비를 쓰면 설계부터 다 다시해야된다던데
수년이 걸릴지도 모르는 일이고
안타까운건 마이크론은 삼성이랑 같은 패키징 기술을 쓴다던데
마이크론은 통과됐다는데 삼성은 못했고",1
소액이지만 한달 물렸다가 어제 팔았는데 겨우 본전에 나왔네 ㅎ,0
들어갑니다.ㅋㅋㅋㅋㅋ,2
언젠간 나가시겠죠..,1
삼성 가자가자 ~!!!  힘내라~,2
구조대!! 59층에 사람 있어요,1
소 소 구매,1
성투하십시요 형님들,1
go go go go go go 상go go  적어도 7만 전자까지는 묻어둬야쥥.ㅎㅎㅎ,1
삼성이니 3만으로 떨어질라나!?,0
헐?,1
삼성이니까~~^^,1
이 가격에 팔게 아님,1
"오랫만에 장대양봉에 힘입고, 이번에는 6만은 훨씬 넘어 봅니다.",2
자 올라가즈아,2
긍정 확언을 해보자. 나는 고개를 뻣뻣이 들고 앞으로만 나아간다!,2
사이드카,1
"삼전의 계속된 하락에 두렵기도하고 지치기도 하실텐데요.
그것보다 미장이나 코인장의 상승과 주변의 조롱과 시선이 더 참기가 어려울 걸로 예상합니다. 그럼에도 불구하고 아직까지 희망을 잃지 않고 굳건히 장투를 하시는분들도 많을텐데요 저도 그런 사람 중 한명입니다.
사실 기술이 어떻고 반도체장비가 어떻고 이런건 대다수의 사람들은 모른다고 보는데요
그저 매스컴이나 sns본 내용들 가지고 위기니 망할것이라느니 이런 말들을 한다고 봅니다.
이런식의 타인의 고통을 즐기는 사람이이나 삼성을 싫어하는 다양한 사람들이 많은데요 
결국 삼전은 오를 것이라고 봅니다.
삼전의 위기는 과거부터 항상 있어왔습니다.
지금보다 더하면 더했지 덜하지 않았습니다.
결국 주식은 저렴할 때 사서 시간을 멜트하며 기다리면 됩니다.",1
황 성님이 HBM다시 만드라는데 일은하니 월급만 받아먹는 벌레,1
지겨워,1
와 개잡주 ㅋㅋㅋㅋ,0
9만간다니깐,2
힘내..,1
(#).(🔮),1
"단기반등아닌가요?
찐반은아닌거같은디",1
"전 몇년은 놔두려합니다.
요즘 반도체이슈, 금투세이슈 로 계속떨어지는거 보니 조금은 내려놓고 볼때인거 같네요.
어느누군가의 옛날어 산 주식 느낌으로 덮어놔야 겠어요.",1
내 연금이 여기에 묻혀있다,1
ㅋㅋㅋㅋ,1
"외인들 선물 옵션에서 위로 땡겨 돈먹꼬
주식. 삼전 매수해서  돈먹꼬!!!",2
코스피 인버스는 어떤게있나요??,0
어제도 오늘도 내일도 기다린다~있을때 잘해주겠니,1
한번 떠러질거같은디,1
"뭔가 저점이기도 하고, 미장도 지지부진해서 자사주 매입 소각 호재로 인해서 생각보다 월요일에 좀 맛있게 오를꺼 같은디..",1
ㅇㅇ,1
어떻게 하시나요? ㅠㅠ 매도예약 걸어뒀는데,0
ㄷㄷ하다잉,1
"대학교 졸업식에 풀정장이 맞다 vs 아니다 
다른의견은 댓글로 부탁두립니다",1
웃어여 에블바리셰 웃어봐요 모든게 축복이죠,1
ㅋㅋㅋㅋ아 걍 테슬라나 살걸ㅋㅋㅋ,1
"8월 정도에서 퀄테스트 통과 소식이
어느 정도 부분에서 터져야 
최소 10퍼 이상은 나올 텐 데 
기다려 보는 수 밖에 ^^
긍정적인 부분이 많으니 기다려보자구여^^",2
오늘같은날 제자리라 그나마 좋은 점은 있네?,2
국장잘하는법=지하실 까지 참기,0
하수들은 파업에 근들갑 고수는 지금산다,1
내일 실적 누가 흘렸네 ㅋㅋㅋㅋ,1
애는 왜그래 역시 삼성이네,1
4만전자 가즈아 더떨어지자 완전 꼴아박자~~,2
8민뚫자! 가즈아! 영차!,2
토스가 멈췄어요,1
와 잡주,0
오....,1
.,1
다시 진입각 보겠습니다,1
풀매수 하게,2
쓰벌 4만전자 될까 두렵다 ㅠㅠ,1
삼성 -40%는 처음격러보네요....,1
이게 다시 5만 간다고… 진짜?,2
다시한번 추매해씀당,0
"삼전우 200주 사놨고
삼전도 200주 맞춰놔야겠네요",1
하이닉스 신고점돌파인데 삼성은 카더라 돌아도 안오르는거보면 안되는거임 ㄹㅇ 8만원? 3년은 봐야됨,2
올해안에 온다 안온다,1
"미주는 현재 인버스 쑥인데!
더
기다려봄!
굿 데이!",0
8만전자의 꿈은 어디로?,1
매입했습니다!!!,1
후,1
와우  시동걸렸네요,1
무조건 가게 되어 있다 이 실적으로 9만 안가면 주식이 아니지,1
당분간은 반등은 쉽지않겠다.,1
ㅡ,1
명절인데 기분 좋게 올라 가즈아~~~♡♡♡,2
성투요,1
오늘 휴장이구나,1
체결강도 장난아니네ෆ,1
하 내가 사서 그런가 ;;,1
세력들과의 머리싸움시작,1
에레이 눈물을 머금고 국밥 두 끼 손해에서 팔길 잘했네,1
안녕하세요,1
"시나리오. 

환율이 오늘 급등하면서 삼전이 안좋은 영향이 있었음.
하지만 다음주부터는 Boj 영향도 있을거며, 설 연휴도 끝나서 눈치보기가 끝날거라고 예상
곧 좋은 소식이 있을듯 합니다..",2
왜죠?,1
시간외 오르네요~,2
"주린이들은 항상 수수료도 생각해야한다는것!
꼭 잊지마시고 단타로 성투하시길 바랍니다",1
더 사야하는데 돈이가 ㅠ,1
4만중반까지가자,2
"진심ㅋㅋㅋㅋㅋㅋ 주식도 테무에서 왔나고
할인쿠폰뿌려?",1
이 정도면 외인 다 몰아내고 국민기업으로 거듭나겠네.,1
하닉보단 들 빠지네,0
"08/06(화) 일일 이슈

1/ 역대 최악의 주식시장
미국 침체 우려 + 중동 전쟁 격화 + 일본 금리 상승 + a로
코스피, 코스닥 미국 주식 모두 크게 하락
이 정도로 빠질 일인가 싶을 정도로 영향이 크다
당분간 열심히 일해야겠다
워렌 버핏은 얼마 전에 보유한 애플 주식 절반을 청산했다는데 대단하다

2/ 큐텐 사태는 지금
a. 법원이 회생 절차 개시 여부 결정을 보류, 당분간은 협의의 시간
b. 자회사들은 탈 큐텐을 준비 중
결국 이 과정들에서 중요한 건 피해자들의 손실 복원

3/ 드디어 한국도 첫 출시를 경험하나
애플이 아이폰16 1차 출시국에 한국을 포함한다는 뉴스 발행
국내 실적이 급하진 않을텐데 다른 아시아 국가들까지 생각한 전략일까

4/ 파리 올림픽에서 한국은
총 26개 매달로 종합 5위
기존 인기 종목의 출전 실패 + 출전 종목의 선전으로 계속해서 스토리가 만들어지고 있음
중계권을 가진 방송사가 푸시하는 것부터 다른 느낌

팔로우 해주시면 경제력 상승 보장 무조건 해드립니다!",0
"매일 매일 이름이 바뀌네
59전자 58전자 57전자 
오늘은 56전자구나",1
"언제까지 바닥을기는 애벌레가 될래
이제는 나방이되어 날아올라야 하지않을까
훨훨~ 훨훨~",2
ㅋㅋㅋㅋ 차라리 코인이 나을듯 ㅋㅋ,1
지금탑승할까요,2
외국인 이래 많이 팔아도 되는거냐..?,1
이제 별기대도 안하는데 왠일?,1
"내년 상반기까진 지켜봐야할듯.
기관들이 매수로 다시 넘어올때 들어가도 늦지않음
현재는 조금씩올리고 다 털고 나가네요.
연말에 한번올렸다가 쭉 다털고 나갈수도있으니
항상 생각하고있어야 할거같습니다.",1
"71.6인데요 자꾸 내려 가면 반토막 이에요 
녹내녹아 내돈 ㅠㅠ  😭 마이너스 30입니다 
살려주세요  물을 타야되나요",0
와 이걸 개인이 다 받아주네... 애국 투자다 이건,1
쭉 떨어질거같냐,0
발 살짝 담궈봅니다 :),1
진짜 소름 돋네ㅋㅋ몇일들고있는데 재미없길래 딱 팔자마자 바로오르는거보소ㅋㅋㅋㅋㅋㅋㅋ,1
ㅋㅋㅋㅋ미쳤네 내 전재산 ㅎㅎㅎㅎㅎㅎㅎㄹㄹ,1
에게?,1
7만까지만 후딱 달려라~,1
현 5만원 초반대는 삼성 자사주 매입의 큰 비중을 차지합니다..이 구간대 진입 하신 분들은 너무 걱정 마세요.,1
"주주여러분들 출근잘하고 계신가요?

오들드디어 결전의날인데요 

저번주 금요일 실험을 해보기위해 100주를 사둔 

주식을 과연 오늘 9시장에서 수익을 낼수 있는지

테스트 실험을 통해 결과를 보여드릴 예정입니다

55분가량 남았는데요 

많은 관심 부탁드립니다 ^^

화이팅!",2
제발 그만좀 팔어.,0
설 선물 이건 아니지,1
역시 대장주다👍🏻,2
"백만원씩 50회 분할 ㅎㅎ
간간히 배당도 받고 좋았어요.
이거 팔고 딱히 살것도 없고
쭉 가져가야죠~
지금 팔면 안되요~",0
사지지도 않는건 머지?ㅡ.ㅡ,1
추매~떨어지면 땡큐,0
"✅4월 19일(금)

- 미국 옵션만기일
- 미국 주간 원유채굴장비 수 
- 영국 3월 소매판매 
- 비유테크놀러지, 현저한 시황변동 재공시 기한
- 플래스크 현저한 시황변동 재공시 기한
- 사피엔반도체 보호예수 해제(8.78%)
- 제넨바이오 보호예수 해제(15.06%)
- 신성에스티 보호예수 해제(57.96%)
- 미국실적발표) 프록터앤갬블, 아메리칸익스프레스, 슐럼버거

팔로우 누르면 부자되심",1
조금만..,1
어휴 예금할껄 ㅋㅋ 그만사고 숨겨놔야지,1
내일 또 오를겅가바,1
재무인사회계가 판치는 기술회사는 미래가 없다ㅉㅉ,1
전자야 제발 똑띠해라이,1
"미장을 외치면서도 국장을 기웃거리는 나

어쩌면 삼전을 좋아할지도?",2
왔다,2
"지금 사도
발바닥에서  사는거에요",0
"45000 부근 매도
 마지막으로 주당 1만원 빼먹고  국내시장 탈출하겠습니디",0
"좋아
삼전이 날아가니
내 수익률이 최고
삼전은 안샀음",2
기업 가치를 생각하면 정말 너무 과소평가 된 가격이네요.,1
왜이카노요..,1
다시 올게요 삼전,1
안녕하세요 요즘 하락하네요,0
와...........주식하면서 내자신이 자랑스럽긴 또 첨이네....,1
고마워 너땜에 삶이 조금은 즐겁다,1
삼전은 당한게 많아서 잠시 쉬고 상황봐야죠,1
"외국인이 신나게파내요.
이참에 삼전주식 국민들이 수거하죠
ㅋㅋㅋㅋㅋㅋㅋㅋ",1
참 무능해 보인다  !,0
오늘은 57 주차해줭,1
뭐냐 외국인 오전까지 100만 넘었는데 싹 사라졌네,1
살까. 말까.  ?,1
인버스는 전망 좋아보이는데,1
ㅜㅜ,1
두산지주가 더핫ㅈ해ㅋ,1
진입!!!,1
?,1
너무 안오른다...다시올게요..,2
"오늘도 양심상 5퍼만 먹자
삼성 이젠 뻘건 불만 보이는 날만 있을 것이다 
올 해안에  양심상 십만만 가자
삼성 화이팅",2
미장에서 개같이 털리고 왔더니 걍 아무 생각도 안드네 ㅋㅋㅋ 올라가던 말던,2
병든전자!,1
이제 떨어뜨림,1
하루천원씩이아니고 2천원씩빠지구나ㅜ,1
재밌냐,1
와 씨 급하게 내렸다,1
난 올러건더 ㅎㅎㅎ 지금 매수하면 물려도 탈츌가능 ㅋㅋㅋㅋ 평단 4로 맞추려고 내려오면먀수,2
67층인데 물탈까요,1
이걸 많이 샀어야 했는데...,2
"62000원에두 걸어놨는디...사질래나?
ㅠㅠ",1
그럼안녕~,1
추석지나야오른다,2
기관도 외인처럼 단타할 작정인가 보네,1
떨어져라~~외인형들 선물옵션 하방배팅좀 강 하게 해주세욤!,1
"주식은   신도  모른다   애널들이  이야기  나오면 하락   내가 이야기하마  스톡캐스틱
지표  바닥 찍을때  매수하면  라면  박스 값은  벌수 있다",0
구경하러 왔는데 여긴 주식 게시판이 아니라 네이버 정치 기사 댓글게시판이네요🤭,1
하 씨 아침에 코스피 상승세 보고 눈치 깠어야했는데,2
"평단이 너무 높아서 일단 빠지고 재진입 ㅠㅠ 타증권은 60,000대인데 토스만 70,000원",0
진짜 욕나오네 쓰래기전자,0
외인들 힘이 약하네.,1
에라이 정신못차리고 과감하지못하네,1
잘버티네 ㅋㅋㅋ 아니 결국은 흑자나는 회사가 맞긴 한데 앞으로 적자 날꺼라고 노파심에 주가 빠지는게 이해가 안감 ㅠㅠ,1
"그거이 머라고  
금투세 많이벌믄 좀 내믄되지 
간이 콩알만 하나? 
심장이 벌렁벌렁하나 ㅋㅋㅋ",1
샘송전자 오늘의 운명은?,1
60층 언젠가 오긴 하냐,1
"세탁과건조를하나로~~~
기술력!
세계최고가 되는길을
응원한다~삼성^-^",2
돈벌려면 관련주에 투자하세요 삼전은 가치주라 크게 성장하기는 힘듦,1
남은 한주 수익률  17.5,2
삼전 더 떨굴게 있나??  끽해야 2퍼 정도 떨굴거임,1
내일까지 매수세 들어오면 바로 분할매수 시작,2
📈📈📈📈📈📈📈📈🫡😍😍😍,1
"6층 그쪽은 어떤가요? 
공기가 깨끗한가요?",1
다른거 사러다녀옵니다,1
왜이러지 미쳤나?,1
"외인들 삼전 계속 파는이유
현물 떨어지든 말든 풋옵션으로 돈 벌거든
정부 파생규제 쪼여서 시장 참여자들 다 떠나서 돈많은 외인 기관 놈들 놀이터됨",1
73600이 고점이었네 ㄹㅇ퉤,2
이쯔음 되면 삼성이 뭔가 힘을써야하는거아닌가 가망히 보고만 있는게..,1
25대박날것 같은데,2
"오늘은
많이 아쉽네요..
성투요",1
57000 찍고 낼 60000찍으면 참 좋거따,1
닉스에서 갈아탔는데...,1
더 태우고 싶었는데 돈이없네,1
정현호 부회장 유임,1
성투요.,1
오ㅒ케 빌빌거릴까잉,1
"섬전떡상 하닉떡상 환율떡락

제발요 ㅋㅋㅋㅋㅋㅋㅋ",1
진짜 뭐하잖는것인지 ~,1
계속 물 타 봅니다.,1
트럼프 당선되면 앞으로 더 암울해짐,1
커피값만 벌어가유,1
삼전이 AI수혜 받은게 뭐가 있다고 내릴때는 더 내리냐,1
이야 월봉은 가야 밑에 이평선이 나오네,1
장마감까지 1시간 이나 남았어요 마구던져 주세요  외인행님들,1
혼자 있어요~~~~~,1
개잡주 보나마나 또쳐박지,0
4만전자 가겠네,2
아숩,1
외국인 계속팔아재끼는데 아직들어가지마래도..,1
질질싸공공 ㅋㅋ,1
고고,1
7만 가기 너무 힘들다!!!!,1
왕돈까스.,1
"외인들 순매도 개미가 다 받아먹었다.
이제 누가 올려줄래?
주가는 누군가 비싸게 사줘야 오르는데
외인들이 궂이 삼전을 살까? 
니네가 월가 외인이라 생각해봐 이제 떨어질때까지 안사주면 그만아니야? 궂이 개미 좋으라고 주가 반등시키면서 사줄 필요가 있을까?",0
4만 찍고 반등 하겠구만,1
갑자기 2차전지 쪽으로 몰리네요...,1
"투자는 신중히 할것
보이는 정보가 전부는 아니라는것
보이지 않는 정보들을 추론해볼것
실패를 상정해 볼것",1
오후되면 맥을 못추넴,1
"그냥 더 내려가. 
물이나 타자.",1
내일도 제자리 걸음...^^,1
"이타임에서 개인이 대량 매수하면 기관 매도 전향 물리것네
 외이들은 기회가 없는게지
 이미 스텐바이..",2
개 잡주. 4만대로 내려가겠네ㅋ,1
55층!!!,1
2만원손해보고 팔았어요,1
우여곡절 많았지만 잘 버텨냈네요,1
정말 믿고 기다리길 잘했다 고맙다...,1
74도 못갔네 이런,1
얘는 맨날 잘오르다가 떨어질때는 미련도 없이 90도 각도노,0
곧 떨어진다 ㅋ,1
내가 예전부터말하지만 외인이 계속 팔아버리는데 왜자꾸 매수를해주는지...,2
"국민주라서 안가나보네....
도나개나 다 사니까 무급지!!!
가긴갈까 ??살아생전에 
ㅠㅠㅠ 애가타네요",1
6만 안와 무새  5만 안와 뮤새들  다 버로우 했노 ㅋㅋㅋㅋㅋ ㅉㅉ,1
하이닉스한테 인수 당해라 그냥 평쉬나,1
가즈아 삼만전자!! 형이 다 사즐께,2
7만전자 파이팅!!!!,1
6만가면 한주 더 살게요,1
8만전자 9만전자에 들어간 사람들은 삼전이 이러니 개잡주라고 하는겁니다,0
걸래전자끝네자 지미,1
반등시작👍👍👍👍👍👍👍😻😻😻😻,1
"이재용이 말고
전문경영인 도입해라",1
"??? : 장이 시작하면 일단 말아올려요.
오늘 종가 60700",1
플립5발표하면 떡상할거 같은데;,2
미친듯이 팔아재끼네,2
"기관은 이미 탈출 
외국인도 팔고 나간다",0
빛을볼날을 기다리며,1
삼성은 53~58. 단타로빼먹는주식이군,1
이걸 음전하나 ㅋㅋㅋ,1
ㅌㅌ,1
곡소리 매매법으로 매매합니다,0
미장보다 삼성이네.. 고맙다 ㅜ,1
"어느정도 많이내렷네 느낌들때 추매해야지 몇백원 더떨어지기 기다리다 올라서 못삼 
장시작하자마자 산사람들이 위너",2
반도체 경기가 살아나고 있어서요.,1
소리질러~~,1
이제 바닥이지 않을까요 ?,0
"안 속는 다는 사람들이 많은거보니
올라갈때 됐나봅니다.",2
내돈돌려줘여,0
"499때 얼떨결에
올라탔는데 다행이얌🥲",2
석유 시추선 설계 등의 기술 집약형 고부가 가치 분야는 미국이 독식하고 납기에 민감한 배 자체를 만드는데 주력하는 전형적인 개도국형 산업 모델이 바로 8시간 3교대 메모리 찍어내기다. 우리가 선진국이 되고자 했으면 엔비디아와 ARM의 합병이 거부 당했을 때 잰슨 황한테 매달려서 하이재킹을 했어야 했는데.. 8시간 3교대자를 위해서 전용 주차 구역 보장해 주니까 지들이 뭐라도 되는 양 노조까지 설립하기에 이름. 이제 파운드리도 시원하게 말아먹었으니 차라리 벌금을 낼 지언정 예전 구사대처럼 청자켓 쇠파이프들을 라인에 상시 배치하여 노조들 숨통 끊어놓고 24시간 연구 개발에만 매진해라. 다행히 해리스가 당선된다면 대만이 중공에 넘어갈테니 아직 조상님들이 국운을 놓지 않으실 때 마지막 기회라고 생각하고 절박한 심정으로 임하고 3교대자들은 인적성 및 부모 정당 가입 및 투표 참여율까지 철저히 검증 후 선발하여 선진국 대열을 거부하는 자들을 철저히 배척해라. 나는 오늘도 물타기로 삼전을 응원한다.,2
과연 종가는?,1
"담주 수요일 크리스마스(휴장)날에 장 안열리자나요
그럼 담주 월요일에 주식 매도하면 수요일 새벽이나 아침에 출금 못하나요??? 
목요일에 출금 가능한건지 혹시 아시는분?",0
"전능하신 외인님들 탈출만 시켜 주십시오.
사탄의 굴레에서 벗어나게 도와주십시오.",0
"올해 외국인이 8조 매수를 했습니다. 
반도체 싸이클 오고 있고요. 5층 6층 은 수익 구간이고 절대로 파시면 안됩니다. 


특히 8층 분들은  계속 물타기 하세요. 파시면 나중에 후회해요. 

저는 쏙슬로 현재30프로 수익 보고 있습니다. 보유량 3700주  

이제 반도체 삼성이 달릴 예정 입니다. 삼성우선주 보유량 1만주. 평단5만초

계속 참고 기다리고 매수 하세요.

파는 사람이 지는 겁니다. 올해 연말까지 10만원 갑니다. 성투 하세요.",2
"정현호 부회장 유임 말이되냐?ㅡㅡ
미국은 지네 반도체 기업 지원금 다 챙겨주고
삼성하고 하이닉는 재검토 말이되냐?ㅡㅡ",1
외인들 사는거보니 내일오르긋네,1
망했다 더 떨어지네,0
ㄲㄲ,1
다팔아라,0
"삼전 없지만 우리나라 삼전이 85를 뚫었다는거에서 매우 행복하네.
삼성 화이팅",2
ㅋㅋ,1
하닉 예상체결가 160대 진입 ㅋㅋㅋ,1
아오진짜 계속 그자리,1
통과소식이 언제 뜰려나???,1
엔비 떨구네  느낌 쎄한데,1
조금있다가 시행될 금투세 때문에 국장이 영향받는듯 조만간 미국증시로 돈이 다빠질듯,1
제가 8월7일날 쓴글..,1
잠시 빠꾸,1
무빙좋네~,2
낚였네ㅋㅋ,1
음…,1
아 어ㅐ올라!!!,2
너무 하네 ㅜ,1
우꺄깍! 오른다!,2
5만전자를 다시 볼줄이야 ㅠㅠ,1
하니스 오르는데 이거는 떨어진다,1
박스권 우하향 왜하냐,0
삼성은 5만전자가 딱~! 맞습니다. 그 이상 그 이하도 아니답니다.~!!!!!!,1
"하닉은 얼떨결에 공포에 판분들이
어마 무시 하기 때문에
크게 먹고 싶은 분들을 
삼전에서 헛고생 말고
하이닉스로 갑시다 고수들이 
거기서 입 딱 벌리고 있다이다",2
갑자기 뭔 일이냐,1
"코스피 주봉 보면
이전 고점 돌파 실패시 작년 하락분만큼 하락 가능..",2
전역 4일전입니다 주주님들 오늘 하루도 화이팅 10만전자 오는 그날까지,1
호가창 보면 답나옴,1
12만윈한다며어느세윌에,1
아 더럽노 ;; 평단 낮추든가 햇어야 했는데 시체 널려잇는듯,1
"50000터치하고 마감
금요일 피바람 뷴다 긴장해라 
47700원대 지지선에서 버티길 새벽기도해라
아니면 43000대까지 빠진다.",0
매수시점 아직,2
"조금만 더 힘내서 올라봐
기회보고 바로 팔아버리게~~~😤",2
어디까지내랴가노이거,1
가자 샘송 노조에 노라나지마라,2
야금야금,1
다시 뛰나요,1
위기를 꺼꾸로 하면 뭔가요?,1
"개인적으로는 살까말까 하는 의견이 많을 때 주가가 더 하락하는 경우가 많았던 것 같습니다. 

역으로 아무도 관심을 갖지 않는 죽은 종목이 됐을때가 비로소…ㅠㅠ",0
"점심값만 벌고 나갑니다
어후 지겨워",2
"물타기 하려했던 나
반성합니다
더떨어지면 한다ㅋ",1
아직도 국장을해? 정신 못차렸네,1
하..,1
모아감,1
재용 무죄선고로 인해 당분간 더 우하향 확정이다.,0
뭐지? 심연을 봤다 생각했는데 지옥이 있었네 ㄷㄷ,0
엄청 팔아서 안오르네 ㅋㅋ,2
240일 이평지지후 반등예상,1
어짜피 올러~~~,1
"음,이러지말지",1
5만원 깨지면 그냥 빼는것도 고려해봐야겠습니다,1
하,1
평단,1
올라가는척 하지마라 다시내려와라 너,1
일론이랑 만나면 그냥 상한가 ㅋㅋ,2
이미 지옥갔다왔는데 무서울게 뭐가있음 컄ㅋㅋㅋㅋㅋㅋㅋㅋㅋㅋㅋㅋㅋㅋㅋㅋㅋㅋ,0
못 따라가는군요,1
올라갈거야,2
와 양키들 진짜 빨리 빨리 다 팔고 꺼지던가,1
딱대,1
퇴각하라 7만전자,1
이걸?,1
"솔직히. 내일 쉬는 날 이였으면 좋겠다 

ㅋㅋ 내일도 지수 박살 나서 

미이너스 늘어 가는거 보기 싫다 

ㅋㅋ ㅡㅡ진짜 52주 최저가 띠딩 소리나면 짜증 ㅋㅋ
모두들 굿밤 내일 삼전 선방하기를

기대는 ㅜㅜ",0
"7만전자 축하~ 급전 필요해서 뺐었는데ㅜㅜ
차트 파도치는 폼 미쳣따",1
외국인과 연기금은 무엇인가 알고있다,1
"5년전 가격으로 가겠네;;
이것이 부사장 파워인가..
소니나 인텔처럼 도태되기 전에 빨리 내치고 정상화 되길...",2
"시작부터 안내리면 좋겠는데 
요즘 2%올리기도 버거워 보이더라구요",1
싸다 일단 사,1
삼전 인버스 없나 풀매수 마려운데,2
"꿈을 꿧어…
삼전 49,000원이 되어있는…",1
엥 여기 뭐 호재잇는걸로아는데 왜안올라 ㅋㅋㅋㅋㅋㅋ 국장진짜 모르겟다,2
"하이닉스보다 못한게 뭐있다고 허구헌날 땅굴 깊이 신기록 이냐?
정신챙겨.",1
"삼전 가격만 보고 사지말고
하닉 웅덩이 생겼을 때 사라
삼전은 대장주 아니다
하닉이 대장주야
미국이랑 반대로 가는 주식이 무슨 대장주야?
코스피도 못따라가는 주식인데",2
오를까요?,1
"근저 6.6 이후 6.9~7.2박스권이지만, 6.6이후 쌍바닥후 7.2이상 탈환은 교과서 대로 전고 돌파 이유  있어보입니다. 스토캐스틱 주봉 에너지 고개들고 있구요. 6.6쌍바닥후 전고 73.6인데 외인, 기관 매수세상 돌파될것같구요. 다음 저항자리가 7.5정도인데 그정도가 코스피 지수 2530정도 자리 보입니다.
일봉 등락은 있어보여도 주봉, 월봉은 가자는 에너지라 지금 내리기도, 사기도 뭐한자리에 보유자 관망 자리로 보입니다. 다들 성투하세요.",2
삼전은코스피지수도못따가는 개씨레기기업,1
비록 1주지만 싸해서 팔길 잘했네...,1
1분만에 쭉 오르네,2
인텔 상황과 삼전 상황중 어느 게 더 최악이냐?,1
코스피 코스닥 음전 ㅋㅋ,1
??ㅋㅋ,1
삼성은 답이업내 빨리 탈출하는게,0
에효,1
팝업참여자가 많아서 그런가보네...,1
"한쿡 사람들 돈 죤내게 많넹
기를 쓰고 쓰러 담네",1
"Dish washing 좋아하는 Korean들 항상 감사합니다

Respectfully,

Mr.Burger",2
10조원 자사주매입하면 8만은 기본아닌가요,1
58갈까요,1
빠져라 이제 난리났다 나중에 돌아와라📉📉📉,1
여기만 시간이 멈취버렸나요?,1
이러다가 주식 천개 되겠어요,1
그래도 삼성이니까..,1
탈출하게 해주세요🙏,0
6만전자 동참해야죠.ㅎ,1
삼전 95주 남음,1
짱나 디지겠네,1
제 우둔함과 무모한 욕심이 화를 불렀어요,1
61900,1
ㅠㅠ,1
본청에서 하청으로 회사 강등 되네,1
난리낫네 ㅋㅋ,1
"이딴게 호재? ㅋㅋㅋㅋㅋㅋㅋㅋ
진짜 답이없네",2
장초반에 샀으면 또 물릴뻔했네 ㅆ ㅑㅇ,1
경제에 도움 하나 못 주면서 폭망시키네.,0
3만가자  70퍼손실  ㅜㅜ,1
아휴 나는망했다,0
한땀한땀 오바로크  장인,1
돔황쳐,0
"더 오를진 모르겠으나, 적당히 밥값 벌고 갑니다",1
👍👍👍,1
또 판다ㅋㅋㅋ,1
외국인이 오늘은 아군이양,2
저는주식접어야겠지요?,1
우리가 바로 삼전!,1
"소각하라!!
 @[NAVER](A035420)  는 자사주 소각 발표 후 상승세",2
정말 ㅋㅋ 내리는건 순간이고 오르는건 정말안오르네,2
"2주 전부터 사고 있는데 바닥이 없어 바닥이!!!
내일이면 4만 찍고 대서특필 되겠지... 🥹",0
"엠비디아 통과관련해서
호의적인 뉴스가
계속나오고
외인과기관이 진공청소기처럼
시장에 나온 매물을 빨아당기는데
이젠 공식적인 발표만이
남은듯",1
"이틀간 일본, 중국, 인도는 1.5~2프로대 상승
한국은 0.2~0.4프로 상승

핼조선 주식시장 언제탈출하실거죠 
심지어 금융위원장이 주주들을 도박쟁이취급함",1
참 답답하다.. 참 답답하다..,1
왜 2주전 차트랑 비슷하게 가냐 내가.꿈꿨나..ㅇ,1
주식모으기 106주,1
역시 외국인들은 들어올생각이. 전혀 없음,1
앞으로 우상향 하겠지만 욕심없이 5퍼먹고 갑니다 건숭하세요 ^^,2
ㅋ 진자,1
가버렷~,1
삼전그냥 외국인한테 넘겨야하나?,1
오늘 코스피 가관이네!,1
"진짜... 존버는 승리하네요.
키움에 평단 9만전자에서 시작해서 
토스로 물타기 하고 둘이합쳐 겨우 평단 6만전자 입니다 ㅋㅋ
떨어졌을때 더들고 갈걸 ㅋㅋㅋ 9만전자에 진입한거 다시생각해도 웃기네요 ㅋㅋㅋ",2
"소문에 사고 뉴스에 팔아라! 라는 말이 있습니다
전 160주 마이너스 보고 털었습니다 
모두 성투하세요 
손절하고 로봇주 항공주 중장비 들어갔어요 
지치네요  모두 성투하세요",0
담배값,1
"원달러 환율은 꽤나 안정적인 모습을

보이고 있는 상황을 봐서는

환율 방어를 하고있는 것인가 생각이 듬. 

- 엔화 같은경우 현재 폭등 하고있는 상황.

- 거래량이 심상치 않음. 우선적으로 
시장이 요동 치는게 이스라엘 이란 전쟁이 불을 붙인거 같은데

여러분들의 의견은 어떠신가요.",2
53000 뚫리면 진짜 위험한데,0
감사,1
정말.. 이럴거면 경영진은 왜 바꾸고 왜 자사주 소각했니? 1조가 아깝다.,1
어떻게 지표위로 올려놔도 내려앉지,1
오늘 많이 떨어지면 물탈려고했던 계획은 수포로 돌아가버렸군...,1
국장에서 손실난거 맨날 미장에서 복구하면 이걸 왜 해야되는거노?,0
"또 개인만,털리네",1
들어가고싶다 !!,1
헐..,1
진짜 국장하는 애들 능지는 개박살나있구나 4만 전자까지 다들 카운트나 하시죠 7 6,0
"외인들
이제는 바닥이라 다지겠지",0
"이제는  힘들구만요...
삼성으로 600백만원  마이너스 보다니.......",1
오늘 날씨 좋네요,2
개미들 슬슬 매물 떨어져갈텐데,1
"한번 주어 봅니다^^
세일기간 이라 생각하고 달려 봅니다",1
휴,1
삼전 너는 쳐다도 보기싫다~,1
게임 주 보다 낮게 평되는게 이해는 안되네요?,1
드디어 망하는구나 ㅋㅋㅋㅋ,1
4가면 삼,1
와 삼전 오늘 선방을 넘어서네요,1
와!!미쳤다,2
"크리스마스 산타들 도  버거형님도
어마무시 대기중
돈ㅂ따리들고 대기중
개미털고 어마무시하게 들어온다네요",1
Gogogogo,1
"설마했는데 더 나락가네요...;;
내일이나
월화까지
하락하다 다시
상승 올각입니다",0
마이너스 이십만원!,1
와우,1
하이닉스는 1년에 70프러가 넘게 올랏는데 넌 머하는 애냐...,1
뭐 보조금을 받던 뭘 하던 난 더이상 삼전에 물안탈끄다,1
쫄리면파시구요ㅎㅎ,1
주식 오늘팔면 판매금 언제받나요?,1
내예상이 틀리지 않았어ㅋㅋ오후되면 66층 갈거란 예상,1
"같은 실수 반복하지 않겠다 6만5천원까지
기다야징",1
미래가 없음.,1
외인은 다팔고 개미만 드글대는데.. 올라가겠습니까,1
주말 동안에 호재 한번 나와줘~~삼전아,2
"신용융자잔고 9천236억원, 
지난달 2일 6천180억원 대비
 49.4% 급증...",1
왜못따라가지?,1
상 한번만 가자,2
떨어지면 또 사야지,1
단타,1
개인전자 ㅋㅋㅋㅋㅋㅋㅋㅋㅋㅋㅋㅋㅋㅋㅋㅋㅋㅋㅋㅋㅋㅋㅋㅋㅋㅋㅋㅋㅋㅌㅋㅋㅋㅋㅋㅋ,1
에고 너무 빨리 들어왔나...,1
"에헤이 물타기 실패 ㅠ
예상체결가에 되면 좋긴 한데…..",1
"글치 영차 영차. 삼성아.  힘내. 
힘들지.  응원 빡세게 하니껭 
57만 가서 거기서 버티 이겨내자",2
어제 팔린것에 너무나 감사하네요~  아이구야..,1
"1보 후퇴를 위한 3보 후퇴
그거시 꽃게니까",0
돈이 나온다니?!,1
7만인데 언제쯤 탈출 할 수 있으려나,0
"엔비디아, 삼성 GDDR7 메모리 채택

1. 삼성 GDDR7 메모리, RTX 50 시리즈에 사용
- NVIDIA가 차세대 GeForce RTX 50 ""Blackwell"" GPU에서 삼성의 GDDR7 메모리를 채택했다.  
- 삼성은 SK Hynix와 Micron과 경쟁하여 GDDR7 메모리 채택에 성공했다.  
- RTX 50 시리즈는 데스크톱과 노트북용 모두 삼성 GDDR7을 사용할 예정이며, 노트북용 일부 제품에는 SK Hynix와 Micron 제품도 사용 가능하다.  

2. GDDR7 채택 이유와 성능
- 삼성 메모리의 조기 검증 및 검증 완료가 NVIDIA의 선택에 주요 이유로 작용했다.  
- RTX 5080은 32 Gbps GDDR7 메모리를, RTX 5090은 28 Gbps 메모리를 사용할 예정이다.  
- RTX 5090의 메모리 대역폭은 RTX 4090 대비 78% 증가한 1792 GB/s로 예상된다.  

3. 삼성의 GDDR7 메모리 로드맵
- 삼성은 16Gb 및 24Gb GDDR7 메모리 모듈을 발표했으며, 향후 42.5 Gbps 속도까지 지원할 계획이다.  
- 24Gb 메모리는 추후 리프레시 모델로 추가될 가능성이 있다.  

4. 출시 일정
- NVIDIA의 RTX 50 ""Blackwell"" GPU는 CES 2025에서 발표될 예정이며, 첫 제품은 2025년 1월 출시 예정이다.",2
안오를줄 알았는데 껜또가 빗나갔군... 지금 들어가기는 애매한데...,1
"경영진 교체 하면 안되나요?
좀 전문성이 있는 사람들로다가..",1
개같이 복구 ㅋㅋㅋㅋㅋ,1
"주식은 아무도믿으면안됨 너가 전문적으로 주식을배우고 하루종일 컴퓨터앞에 앉아있을자신이없다면 그리고 직장인,학생이라면 기다려라 기다리는자에게 복이온다.
떨어지면 오를때까지 기다리면된다",1
"에라이~~
오늘도 똥푸고 있네",1
삼전10년동안성장률1.6%,1
19개 무죄,1
"금투세만으론 부족카지 안캇씀둥? 은투세동투세
구리세 알루미늄세 보유세 투자세ᆢ에라이기냥 다뺏으라우 다뺏었씀다래 ??다 ᆢ~~도망갓수다래
날래잡아오라우 스양색이덜",2
외국인 동향 나쁘지 않네요,1
"오만
전자가자",2
원래 사람이 나이를먹을수록 자기가 맞다는 신념만 확고해짐. 새로운것도 받아들이질 않는데 심지어 틀렸다는 소리를 납득하겠음? 그리고 이젠 애국은 미덕이 아님,1
삼전 5년전보다 떨어졌노;;,1
5만전자온다 와~~,1
"55,800원 마감 ?",1
커피값만,1
8만 돌파 ㅊㅊ,2
오늘 삼성타임,1
구조대 오냐!?,1
굿,1
삼전 6만은 안깨진다 수고들,0
외인물량 오진다;;; 오늘도 쭉쭉 빼버리네,2
걱정 ㄴㄴ,1
뭐야 서초딩 날아감?,2
4만전자 가나요 ㄷㄷ;,1
이 꼴통은 뭐지?,1
"isa계좌에 적금 들었다고 생각하고
49900원에 매수해도 2.89 배당금",2
엔디비아에 제한적 공급한다는 게 사실인가요?,1
78이라도 가자,2
6만원 가기가 그렇게 힘드냐 ㅡㅡ,1
삼전은 우리할아버지도 추매하라고함,0
"자사주소각이든 뭐든 해주면 좋겠다.. 
예상보다 돈을 못벌은거지 
돈을 벌긴 많이 벌었더만..",1
이래서 국장은 노답이야,1
조금 매수해봅니다.,2
ㅋㅋ,1
올라봐야..ㅠ,2
조선장 빅숏+미장 빅롱 맞춤ㅋㅋㅋㅋ,1
"기관은 계속 사고 외은 샀다 팔고, 개미들만 죽을똥 살똥 피똥~~",1
설마 끝나겠어? 삼전 망하면 큰타격인데,1
일해라 개미들아~~!!,1
어휴 여기 들어간 내가 죄인이다,1
ㅋ ㅋ ㅋ ㅋ ㅋ ㅋ  미안 아들 엄마는 국장 안하고 미장 간다.... ㅠ ㅠ,2
207에서407원인데 얜 뭐하냐,1
애플 1년 그래프랑 삼전 1년 그래프랑 가관이네,1
그래 3프로 갭출발,1
뉴스나오면 호재임 ㅋㅋ,2
지금 52000원이 정가 같습니다만,1
"56뚫으면 가겟네요
67에서 팔아먹어야겠네요",1
십만전자 가즈아,2
포르르르르르르르르르르르릉!,1
"제발 폭포수처럼 단기간에 더 처박아라
분할매수 들어간다",2
8만뚫고  십만가자~~,2
"국민연금 걷어서 한다는짓이
삼전 방어 ㅋㅋ",1
추매!,0
"42까지 열려있어요

외인 들어올 때 사도 안 늦습니다",1
가즈아!!!,2
제품 광고 혁신을 삼성이 주도하고 있음...,1
화이팅  주주는 아니지만  삼성 힘내세요,1
ㅗㅗㅗㅗㅗㅗ FUCKㅗㅗㅗㅗㅗㅗㅗ,1
진짜 삼쪽이 클라스 미쳤다,2
83층에서 4년동안물타기. 65층으로평단낮추고  내주식에. 80프로. 많은수익은못보고. 반정도분할매도해서. 현금확보. 800주는. 몆년더. 보유할생각입니다  모두들성투하세요. 맘고생은많앗지만. 빨간불보니. 어느정도위로는되네요~~~^^,2
삼전 5프로는 상에 준하는데,1
어휴,1
이거 개미 털때 털린건데 털리길 잘햇네 다시 마이너스 될뻐뉴ㅠㅡ,1
"아제아제봐라삼숑좀가자
나무아미타볼감셈보자",2
"상한가 한번 치고  싶다.  겁나게 치고 싶다, ㅠㅠ  살자고 한일에 죽자고  되면  안돼요.",1
대단하다 ㅋㅋㅋㅋㅋㅋ,1
그냥,1
반등도업네,1
"진심으로 궁금해서 여쭤봐요 :)

호재가 1도 없는데 왜 사시는건가요?

“에이 그래도 시총 1위인데”
“에이 그래도 삼전인데”
“에이 그래도 오르겠지”

혹시나 이 중 하나에 해당된다면
주식을 접고 예적금 하시길 권해드립니다!

반도체 투자하고 싶다면 
엔비디아를 사세요!
하다 못해 SK하닉, TSMC사십쇼

D램이니 메모리니 파운드리니 뭐 알게 뭡니까ㅎ 
오르는 거 사는 사람이 승자죠!

성투하십쇼🔥",2
닉스 년중 최고가 문자 계속오네...,2
와 외국인들 너무한다 못 막겠다,1
내일 들어가야게따,1
"너무 무겁다..
시총1위 주식이란 타이틀 빼면 아무것도아닌..",1
올라갈때 됐다 아제 보여주자,2
내가 쓰는게 삼성이니까,1
왜 떨어질까요?,0
화이팅,1
내려간다~ 저 바닥으로~,1
"와 이정도야 끝까지 버티고있는데
언제 체포되는거야",1
대기업이 이런 개잡주처럼 움직이기도.하네용,0
외국인 기관은 개미랑 절대로 같이안가네😭😭,1
"휴대폰은 이렇게 보시면 마음이 편-안 합니다

저도 물렸습니다 오늘이 제일 싼 주식 삼성 가즈아",2
"미래비전을 장착한 우리 삼전이 발걸음은 과거로 향하고 있구나,
갖혀 있는 기간동안 미래를 위한 준비 공백의 시간이 치명상이 되어 돌아오네요.
다시 일어서서 힘차게 달리는 삼전을 보고 싶어요.
오늘도 모두 성투하셔요.
미래를 책임 질 수능 중인 새싹들 좋은 결과를 빌어봅니다",2
57 찍고 주차해라,1
"그동안 힘들었어서
본전에 털고 나갑니다.
다들 수익 많이 보세요!!",2
"와 외인들 500만주 매수할때나 봐야겠다
삼전이 2달만에 이리 힘없이 무너지네",2
;;;,1
치고 빠지는 구만,1
삼전 현재 수익률 20퍼인데,2
52000 지켜야돼!!!,1
상은 무슨 ;; 20퍼는 기대했는데 10퍼도 못 올리네 에휴,1
기다리면 6만전자 와요 지금 분할매수 계속 하세요,2
..ㅠ,1
Sk하이닉스한테 배워야 할듯 노하우좀,1
@[인텔](US19711013001) @[AMD](US20150102001) 는 잘가는데 왜 우리나라 반도체만 빌빌거리는지 모르겠네요,1
너무하지않냐??,1
막차못타면 떠납니다 ㅋ,2
ㅋㅋㅋㅋㅋㅋㅋ,1
들어간다!!!! 오르자,2
+5퍼센트에서 나오는게 나을까요?,1
"여기쯤이  늘 고점이었는데...;;;;
72000을 못 넘기더라.
그래도 냅두면 또 여기까지는 오던데;;;

힘좀 내요~~~~",2
추매,0
"거꾸로 보니 꾸준한 우상향이네요
다들 힘내세요!!",2
믿음소망사랑 중에 그중에 제일은 사랑이니까.,1
월요일 내리겠누?,1
개미들 매도세 끝나면 질주 시작할 듯,0
애드라 나 너무 무서워 나는 기회라고 생각했단 말아야 말이 안되잖아 자아 우리 다 같이 손을 모아 기도하자 살랴달라고,2
어어 밀지마라,1
아오 찬물끼얹네,1
급 짜증나네요 아침에 한번씩만 보는데 볼때마다 잔액이 줄어드네요 ㅋㅅㅋㅅㅋㅅ,1
1만전자 간다에 나의 쓸모없는 거시기를 건다.,2
29ㅇ00가자,2
토스는 매매수수료가 다른증권사보다 높네,2
모간씨 삼전주식  아주 씨를 말라뿌네,1
삼성은 희망이 없어요 그난ㅇ이대로,1
8만전자 가즈앗~~♡,1
시원하게 날아올라,2
"언제까지 내려갈껀가요?
제발 나를 배신하지 말아줘요.ㅠㅠ",0
삼전이 어쩌다 이리됐누 ㅠ,1
개미들 대단허다,1
이거 실화냐,1
굳,1
적정가 3만8천원,0
드디어 가나용?,1
우예 되겠지 평단 오만 원대로 왔다! 아자!!!,2
이래야 삼성이지,1
물타기 했는데 떠내려가!,1
"50 + 35
가즈아아아아아",2
외인들  주식에 월요일부터 손대지마라,1
.,1
흠,1
아 올해 마지막 장인데 지지부진 ㅡㅡ,1
이제 오늘시기?,1
이번엔 안낚이고 분할매도,0
부모님 추석 용돈 때문에 월급을 다 써서 물 탈 돈이 없다... 그냥... 버틴다,1
오매 삼전 쌀용이형,1
미장 개박살 났는데 삼전이 구해주네 😂,0
젠슨황 말 뭐라고 나왔나요?,1
푸하하하하하하하하허허,1
이제부터 투자하려는데 안늦었을까요?,1
쫄보라 나갑니다,2
이제주도주는  반도체,1
코로나 이전 시절 가격으로 돌아왔네,1
감사,1
오눌 장 마무리 72300,1
77900원에 50프로 익절후 79800원 찍을때 좀 아까웠는데 잘했네^^ 조만간 다시 추매~ㅎ,1
9만은 바라지도않아 85000까지 가보자,2
딴거 안바란다 제발 오늘도 버텨만 다오ㅠㅠㅠ,1
5만대 진입은 자명해보임 ㅇㅇ,1
언제 사야될까 이건,1
"똥파리들 많네. 
삼성 망해라 아주 저주를 퍼붓네.",1
외인 is back,1
와 외인 매도 미쳤네 ㄷㄷ,0
내일 국장 초상치를듯,1
답답하네요,1
"너만 왜그래 82,000원. 가보자",2
"환율하루에 1%씩튀는게 말이되냐..이러다 터키꼴날수가 있음..
알파고씨동생이 의사인대 월6백받고일하다 지금월백받고 일한다던대..;;",1
47가면 제일좋은 그림 ㅎㅎ,2
또올게욯ㅎ,1
기술적반등도못하는개씨레기기업,1
뺄까요?,1
7만가자~~~~,2
이야 이녀석 6만전자 갔네,1
미쳤네,1
물타기 실패,1
모르겠다 어쩌피 인생 망인데 더 나빠질께 뭐있겠어 무지성 매매시작,1
개미들이여 우선 관망하라 굳이 떨어질것을 살리려하는가? 좀 관망하다 들어가라,0
4만5천 입들 벌리고계세요,1
또 글로벌 컨설팅 업체 불러놓고 미래먹거리 준비하겠지? 정말 삼성이 자정능력이 있을지 의문이기도 하다. 옛날의 삼성이 아니잖아~~,1
작년 여름부터 물려있다,1
언젠간 가것지..,1
6자보면 좋겠당,1
"버려야 할  패인가 보다 ,더이상 기대는 ㅠ",1
보합전자🔥,1
외인 매도치는데.....,0
호재가 많고 외국인들이 많이 사들이니 조만간?,2
"나스닥 월요일 상승-갭상승 출발

나스닥 월요일 하락-하락 출발 후 장 내내 끌어올려서 양봉",2
흠 진짜 뭐같네 2차전지 거품 언제빠지냐,2
박살난드아아아아아아아아아아 ㅠㅠㅠㅠ,0
70400에 빠졌다가 육만중반밑으러 떨어지면 또 들어오겠습니다 굿데이,1
74000원에 꿀발렸나요 움직이질않네요,1
5.4에 사서 여기까지 올라오다니 언제 팔아야 할까나,2
다시 내려와줭,1
삼전이 알림뜨는거 첨보네ㅋㅌㅋ,1
이제 본전입니다 ㅠ,1
400만.. 돔황챠 600만이상각이다,0
"참고로 와이프랑 딸한테 양도세 절감 목적으로 2300만원정도 미국주식증여하고도 이정도임.


비결1. 엔비디아 테슬라 애플 bitu(비트코인) 등

비결2. 국장계좌 예수금 0원",2
"어이가 없네 진짜 ㅎㅎ 
두달동안 14조 넘게 팔아치운 외인이 싼맛에 1000억 정도 담근게 무슨 추세 전환이라도 된다는 말이냐? ㅋㅋ 
아예 미등기 임원 이재용이한테 8%올랐다고 감사하다고 큰절이라도 올리지 그러냐? ^^",2
3만원 오면 1000주 대기,1
"이런 기대감이면 크리스마스 전에 
6만 전자 오겠당 ♡♡",1
뭔 매일 천원씩 떨어져..?,1
8만전자로 달려보자,2
공포에 매수 해서 환희에 매도해라,1
물탈돈도없고... 성투하삼요,1
왜 맨날 최저가 거리는지 모르겠지만 좀 올라가봐라,2
ㄷㄷ,1
냠,1
전쟁나나요????????흐헑,1
와 올라갔다..;,2
삼성망했냐,0
81층은 ㅈ살할까요?,1
한번 가보자 니가 이기나 내가 이기나 ㅋ,2
gjj,1
코인은 지금 조정장이라 주식으로 돈이 좀 들어오지 않을까합니다. 미국주식은 많이 올랐으니 많이 떨어진 국내주식으로 유입이 조금 있지않을까요? 그중에서 많이 떨어진 삼전.. 부탁합니다 제발 올라줘,1
내용 없음.,1
2000천주 팔아버린다 올라가라,2
그냥 아이폰 쓸련다….,1
4만전자오면 물타도되겠죠?? 3만까지 가려나???,1
이게 2달 동안 외인 작년 매수량의 절반 조금 넘게 매도해서 나온 주가입니다 ㅋㅋ  환율도 안 좋아서 계속 유입없이 나갈거라 4만대  추매하세요.😢,1
ㅎㅎㅎ,1
와~~~ 오늘도 줄줄이 흘려내리나??,0
앤 안될듯ㅋㅋ,1
걍,1
삼전 오늘 우상향,2
효자녀석~!,1
"실화임?월급 받으면 평단가 낮출라고
했는데 의욕이 없어짐..하",1
가보자 삼송  삼각김밥 먹으러 가보즈아 °°°,2
머임 갑자기,1
"삼전 얘네는 소프트웨어, 디자인 꼬라지 보면
1만전자 가야해 진짜",0
6만전자 간다는 분들 어디감? ㅋ,2
연말은 커녕 11월 중에 5만 깨지겠네,1
74층은 가망없는것인가..,1
"지금은 5만이 아닌 4만 3만도 맞나 싶을정도로 위기로 보입니다. 

파운드리 격차도 너무 벌어졌고 메모리반도체도 하이닉스에 안되고.. 휴대폰도 중국에 안되고 
가전도 엘지 구독서비스 따라한다 부랴부랴;; 

반도체도 이제 하향 싸이클 시작인데 진짜 어떻게 될려고 이러는지..
이러다 인텔처럼 파운드리 매각하는거 아닌지 걱정됩니다. 
삼성의 위기는 국가적 위기인듯 합니다. 잘 살아남으시길..
(외인 물량 너무 받아주지 맙시다ㅜ)",1
"’삼성 줘아요~ ‘
하고 립 서비스좀 해주면 
물린 주주 대탈출 가능인데",0
엉??,1
오랜만에 삼성 다시 매수했습니다 ㅎㅎ,2
이젠 오르는게 이상하다,1
우리 삼성이~~~ 왜이렇게 됬노ㅜㅜ 찬밥 ㅜㅜ,1
이거 못올려,1
"일주일내내 물탓는데
모한거야?!",1
"내 그릇은 내가 제일 잘 알지

아쉽지만 매우 만족",1
수급 개같네,1
우리나라 전쟁나요..?,1
"이 시간에 주주도 아닌데 
이래라 저래라 하면서 커뮤질만 하는 인간",1
6만은 가자,2
이거랑 nc소프트중에 더 전망좋은 주식은?,2
삼성 임원들 자사매입한게 이정도인건가.... 더떨어지겠네,1
외인은 어차피 기관 매도 끝나면 다시 매수세로 돌아옴 더떨어질거라 생각하면 지금 일부 팔았다가 더 내려가면 그때 다시 들어오는것도 나쁘지는 않음,0
조금 씩 담아봅니다,1
반털고 대기,1
기관은 외인보다 더혀 ^^,1
뭐야 국장 망해가네,1
이런 스캠은 단타쳐야지,1
52000원까지는 기다려야 하는 거 아닌가???,1
개인 다 팔아주라 ㅋㅋ 외인 매수 들어온다 ㅋㅋㅋ,2
"올연말부터 조금씩 좋아질거라 생각합니다
반도체가 살아나면서 점점 올라갈것같네요
8만원까지는 모르겠으나 7만원 중반까지는 내년 상반기안에 올라갈것같네요 ^^",2
이정도로 저평가임?,1
박살났네,0
조금씩 물타기.   장기로 가면.  됌. 배당금 4월달 4번째. 받음 🙏,1
지수가 드디어 빨간불켰네,2
계속내리네,0
호재띄우지마..열받으니까  ㅋㅋㅋ,2
주주님들이 부회장 사장들보다 더 삼성맨에 어울리십니다.,1
8월5일 가격으로 왔네 어이없네 ㄷㄷ,1
선반영 끝났나 ㅋㅋㅋ 힘없는 대장주,2
이건 무ㅜ여,1
드디어 파운드리 납품하냐??,1
"곧 5만 가려나 ㅎㅎ
기념으로 한 주 구입",1
저점도 외인들~ 고점도 외인들~~ 이번 고점 향해 간다~~,2
레전드 개잡1주 똥성멸망기원,0
미래사업로봇ai어마하게큰돈이 들어가는데 몇년전부터벌써 계획이되어가는데  추진이잘된다면  미래사업만100조매출이가능하지않을까,1
8만가자..,2
더 올려봐 ..,1
그냥 마이크로스트레티지 처럼 비트코인사고 유상증자해서 또 사자~ 그거 말곤 답이없다,1
아직 저점이 안나와서 지금 타면 안돼,0
"비트코인, 미국주식 사지마라 샀다면 다 팔아라
디지털스레기다 팔고 원화 예적금하고 청약하고 
한국여자랑 결혼하고 빚내서 아파트사고 국장해라",0
한달전에 예금개념으로 산 삼전이 내 계좌 수익률을 방어해줄 줄이야! 생각보다 빨리 올라와서 매도하고 싶지만 팔더라도 엔비디아 퀄 통과까지는 보고 팔겠다.,2
잘한다 잘해 징하게,1
양호해요?,2
재드래곤 무슨 생각일까,1
"다행이건
외국인은 매수
기관이 매도 
기다려봅니다",1
ㅋㅋ 매수하라는 기사보고 다들 매도하는구먼 ~ 똑똑해졌네 개미들,1
외인들은 겁나 사드리는데 뭐가 문제지?,0
에휴,0
애쓰는군,1
다신보지말자,1
괜히 또 사가지고 몇만원 날라갔네,1
또속았다..,1
기부 ㅋㅋㅋㅋ눈치없어?,1
아주 하이닉스랑 둘이서 단짝친구고만,1
시원한🍦하나 고맙😋,1
이참에 외국넘들 쪽박차게 만들자 그동안 마니 해쳐먹었지 우리의 힘을보여주자,1
"10주만 사봤어요
화이팅",1
기관 외인 매집이면 이유가 있으려나요..? 평단 7만인데 물 안타고 다른 주식들 구매하면서 버티는중이네요 ㅋㅋ,1
왜 올라가니 너는,2
ㅎㅎ,1
개미 털기~ 꽉 잡아라,1
애국심,1
"장기투자 가치투자 한다고 ㅈㅇ 함 
남들  미장 다오를때  언젠간 오르겠지  
남들말 안듣고 고집쎔  미장 죽어도 안함   나중에 ㄱ 후회함(엔비디아 30만에서 130만 갈동안)
미장오르면  오늘은  오르겠지  
결론은  안오르고 상대적 박탈감이듬 
 그래도 오르겠지라고 생각하며 
미장 올라도 떨어지고 내려도 떨어지고 
그냥 떨어짐 ㅋㅋ  그냥 
일주일내내 떨어지다가   1000원 오르면  좋아함 
하이닉스 7만에서 20만 갈때동안 
5년동안 1만원 밖에 못오름 ㅋㅋ ;;;   언젠간 오르겟지 
하다가 지금까지 기다림  
올해초 8만6천 갔을때  못팔고 기다림 (오랜만에  빨간색에 흥분했지만 설마 이렇게 오래 기다렸는데 억울하다 10만까지 기다린다 라는 마인드 ㅋ 결국 일주일만에 상승분 반납 다시 6만전자 ㅋ )
지금도  오르겠지  기다림 5년동안 본전 기회비용 바이바이",2
"저평가가 아니라  망해가는거 아닌가 싶다.
망해간다던 중국,독일이 우리보다 낫네..ㅋㅋ",2
오늘의 저점이 내일의고점?,1
가즈아~~~~~~~~~~~~~~~~~~,2
8만믿는다,1
외국인들 매도 끝이 없네,0
잣댔네,1
불타기.ㅎ,2
5만에 주운 개미들 엄청 팔아대네 ㅋㅋㅋㅋ 외인이 줍고 ㅋㅋ 결국 더 오른다는 얘기 ㅋㅋㅋㅋ,2
싸늘하다…,1
김치,1
역시 주식못하면  사람들이 욕하는걸사야되..,1
하 이개잡주 진짜,0
삼전은 진짜 왜 이럴까,1
"내년에 나스닥 상장 얘기나오던데.
왜이리 빌빌대노~",1
외인 조오올라 팔았는데 이정도면 선방한거긴하네,2
못 누리는 큰그릇의 여유,1
"5만 전자 가겠네 참. 악제가 너무 많아
 짜리시 정말... 참.",2
에효돈도없다야물탈돈도,1
일단 튐,1
너무 걱정하지마세요 2보 전진을 위한 1보 후퇴입니다,0
동시호가 왠일로 잘버텼네요 ㅋㅋ,1
살려주십쇼,0
오늘은 자동차 관세해제빔으로 현대기아에수급인듯,1
리먼이후 첨 이네,1
일단 익절~~,2
"장막매수,,,장초매도,,,,삼전국룰인듯,,,,",1
나만 한국 주식 없어짐????,1
삼성미국가자  중국버리자,2
힘들듯..,1
맥모닝 ㅅㅅ,1
담배값 벌고감,1
삼전왜대폭락함?,0
흐아아아 올르는것도 쬐금 내리는것은 거의 600에서 1000 ..이거이거 주식으로 땀 나는거 신기하네 볼때마다 식은땀이 쫘아아악,1
와 진짜 대단하다 드디어 해냈구나,1
"엔비디아 정신차렸더라

내일 한미반도체,SK떡상할듯",2
개미 화이팅..,1
기관이나갔다고하기애매한데,1
기관이 왜 던지는걸까?,1
믿는다 마이크론,1
진짜 대단하다,1
배당금으로 1주 엉엉,1
한국인이라서?,1
"8일날 외국인이 460만주 샀는데.
그거 이하로 빼버리네.",1
양전 !!!,2
와~ 매물 장난없네,1
아직도 외인보유 물량이 남았나?,1
지금들어가면 100프로 물리겟지,1
지금 떨어진다고 팔고하는 호구들은 없겠지 ㅋㅋㅋㅋㅋ,0
"자사주 10조 매입, 3만주 소각 예정

이번에 옵션 만기 & 외국인 흔들기
장기적으로 부진한 모습을 보였지만
저력이라는게 있음

이번 기회가 쓴 약이 되어서
성장의 발판이 되기를",2
연기금은 지들돈 아니라고 막 사네,1
도지코인 3일. +72%.ㅎ.ㅎ.,1
이게 대장주의 품격이다….,2
개미만 ㅈ나 탓네… 버려라,1
이미 대ㅣ주주됬어요?,1
하이닉스3 저양반은 8만전자때 물렸다가 손절치고 지박령이 됐나... 친구랑 6만 간다 못간다 돈내기를 했나 맨날와서 저러고있네  돈없어요?,1
개미님들 용쓰는데 매도물량이다시 앞서려하고있군ㅜㅜ,0
"1. 트럼프, NATO 회원국에 GDP의 5%를 국방비로 지출해야 한다고 요구 > 폴란드 지지 의사 밝혀

2. 테슬라, 모델 ""Y"" 공개

3. 가자지구 협상 가능성 높아지고 있음, 트형 취임식에 맞춰 오피셜 뜰 거라 생각,
네타냐후랑 트형은 친함.

4. 미국의 러시아 에너지 기업 제재에 국제유가 5개월 만에 최고치

5. 미 공화당 의원, 트럼프 그린란드 매입 구상 지지 법안 추천

그린란드 : 미국과 사업 협력 모색, 영토는 자신들의 일

✔️그린란드에는 미국의 대규모 우주 시설이 있으며 배터리와 첨단 제품에 필수인 희토류 엄청 매장되어 있음.

6. 나스닥 4일 연속 하락, 양자 관련주 큰 폭으로 하락.

✔️수요일 CPI 발표가 변수가 될 전망",2
크리스마스 잘 보내시고 부자되세요~,1
영차영차,2
저 7층인데...이거뭐. 어쩌죠?????,1
너 솬일이냐,1
작지만 추매해놓길 잘했다 작고소중한 내 씨드(소듕),0
진입,1
7가도 않이상하다 이젠..,1
신난다 ㅎㅎ,1
"비트코인, 미국주식 사지마라 샀다면 다 팔아라
디지털스레기 다 팔고 원화 예적금하고 청약하고 
한국여자랑 결혼하고 빚내서 아파트사고 국장해라",0
오늘도 매수합니다,2
"전 지난번 57100원에 손절했는데 오늘 거기까지 올라오네요
옮겨간 종목들도 신통치 않고 ㅜㅜ 
국장 보는 눈을 언제나 키울 수 있을지~~",1
코인 나스닥 조정 올것같은데 낼은 오르겠져?,0
뭐지 갑자기 와이라노,1
"하닉은 쭈욱 올라가는데 삼전은 뭐하냐 진짜... 
-10%일때 그냥 뻈어야 했다..",2
외인들 부럽다 꿀단지가 여기있네 ㅋㅋㅋㅋㅋㅋ,1
암튼 난 홀딩이얌,1
5만원 매매 취소시킨 내가 레전드,1
주식 고수 83%가 삿다고 확실한 데이터가 나왔자너..진입 해야 할꺼 같다는 생각이 들껀데?,1
올르는척하다가 떨어질거라 했제? ㅋㅋㅋㅋ,0
"호재가 하나도없고 외국인들도 다팔고 튀는상황에 악재밖에 없는데

뭘믿고 저점이라고 생각해서 산거임?

물린애들 지금이라도 안팔면 지하실 10년형임 잘생각해라 ㅋㅋ",0
운전잘하네..기사님들,1
"추세가 바뀐게 좋아보이네요.
컨퍼런스콜에서 지금까지 뭐하는건지 답답했던게 조금은 소통이되었고 실적이 예상치보다 낮아서 외인들은 파는거같지만 이가격까지 떨어질건아닌거같고 5.5보다 6.5가더욱 가능성있다고생각되는게 좋은 추세라고생각하네요. 통과되면 실적부문도더욱 개선될것같고요.",2
개미가 사니 떨어졌네 ㅋ,1
ㅎㅎ,1
"세일중이네요 
갑자기 왜?ㅎㅎ",1
아이구 화상,1
ㅋㅋㅋㅋ멋있다 멋있어...대단하다 참,1
당했네...상속세 대신 내주신 개미님들ㅋㅋ,1
아직도 안파는 이유가 뭐임??,1
오늘 떨어질줄 알고 쫄앗는데 다시 오르잖아 ㅋㅋ,0
기도,1
세력의(기관) 가격 조정 구간정도?,0
생각보다 잘 버티네,1
다시 컴백,1
가즈아 3만까지!!! 3만가면 사채까지 땡긴다,2
지금이 타이밍?,1
"다들아시겠지마는
...",1
내일 장초반 반대매매 겁나 나올거같은뎅,0
5만 벌써 깨지연 안대는데  헐 ... 8단 12단  개발만 대면  다시띈다 삼성. 힘내라!!♡♡,1
"기관들이  맛이갔다
코스피.코스닥1위  죽이놓고
주식 한다고!",1
팔아야할때다,1
"이재용은 숨지말고 나와서
해결책 제시해라.
그룹이 어려운대 숨어서 뭐하냐?",1
"재용이  넘 하네
어떻게 나몰라라
자사주 매입좀 해라",1
방금 55 봤는데 버근가,1
"우리 과장님  여기에  인생걸었다.
형을믿어",1
수요일에 사서 월요일에 개미 꼬실때 팔면 돈 복사 됨,1
맛도 못봤네,1
오늘 팔아도 배당금이 나오는걸로 알고 있는데 왜 토스 배당금에는 안뜰까요?,1
왔다 그냥갔네 외인 ㅡㅡ,2
응 더내려가~,1
그래프 탈모 놀리는건가,1
아까 4만원대도 불가능은 아닐듯,1
역시 삼전은 오늘이 가장 비싸다 ㅋㅋㄹㅃㅃ,1
법인 코미디 찍네 ㅋㅋㅋ,1
아 예금깨서 올인하고싶네 가격 추매 마럽다,1
아직 구매는 이른거 같네요… 4만 초 나오면 투자 해봐야지..,1
이건희회장이 다시 환생해야 정신차릴 집안이고 회사군,1
반도체는 지금부터도 사서 모아갈만함 아직 안늦음,1
나스닥 분위기 개좋은데 이색기 는 대체..,2
또 개박네 어휴 ㅋㅋㅋ 그럼그렇지,1
배당이라도주라❤️🍓,1
그것은 국민들의 삼전 주식 인당 1주씩 매수 의무화,2
9만원찍으면 다시 10프로 추가 매도합니다~,0
"사회초년생, 주식 안할게요.. 다들 행복하세요",1
바로 도망쳤스빈다성님들..,0
"더 싼 가격에 사고싶은 분들을 위해서
제가 매수했습니다!! 
이제 더 떨어질겁니다....",1
일단..하..본전은 멀었지만...,1
드디어 성공?,2
삼성 믿어욧,1
자사주를 왜 막판에 구입하는지 이제야 이해가 되네 🤔 기가 막힌 전략이구먼,1
금액은 적지만 익절합니다. 다시 70000~71000되면 입성하렵니다...,2
"엄허

또 딸어졌네",1
"일봉으로 보면 반등인지?

Rsi 바닥이여서 데드캣바운스 인지...

암튼 경영진 물갈이 하기전에는 크게 안갈듯 싶다..",0
개잡주의 한계인가,0
9만 찍자.,1
"외인은사고 개미는하루빨리
팔고나가세요
내꺼좀 올라가게",1
다 떠나서 걱정이됨,1
삼성은 이제 힘이 없나봐요...,1
삼만전자 가는건가?,1
올해5만 가는게빠를까요 7만원가는게 빠를까요?,1
삼성,1
"이미 대부분 정리햌ㅅ는데 삼전이 남았네요,,",1
ㅋㅋ 무서운건 지금 떨어지는게 아님 앞으로 오를 가망성 있는 주식인가 하는거임 ㅋㅋ 예전 삼성이 아님 테슬라 갈아타세요 ㅋㅋ,2
"국민기업, 국민기업 하더니...
진짜 국민기업 되것네....

외국인 쥐어 짜도 안나올때 까지 
떨어질꺼냐..",0
삼성 8만전자 가즈아,2
60000에서 언제까지 서성일꺼냐,1
와 1년전 가격이 또 올줄은 몰랏네,1
갭다채웠고 산타랠리,1
추세 전환 된듯 해보이네요 내일은 오를듯,1
포기한다ㅋㅋ평단에서 드릅게 왔다갔다하네,1
물타다가 250주.. 이러다 배당받겄어,1
어찌된게 삼성은 변함이 없고 일정하구나..,1
가지고계세요,1
"외인돈벌게해주네
매도고마워
저가매수하니깐^^
더매도해죠요",0
강건너 불구경,1
외태식이  돌아왔구나,2
와 어제 오늘 외상거래 개쩌네 ㅋㅋㅋ 담주까지 님들 갚을 수 있나요?? 검은 월요일 지리겠는데요,1
지금부터 3달만 존버하자.결국 오른다.,2
8만원은 혼자 안깨며 지키네,1
지금 안팔면 영원히 물릴듯 요즘 경제도 심상치않고 ㄷㄷㄷ 10년뒤에 탈출할수도,0
다른 개미들 팔거 다 팔면 이제 가격 오르기 시작하겠지?,1
"너 올블루라고 들어봤어?
ㅋㅋㅋㅋㅋ",1
지금들가는흑우없제,0
"아..팔만전자가...3년전으로 돌아가는건가요?
전 미장만 하고 있기는 하지만...
진짜...수십만원의 가치가 있다는 삼성이...
어이가 없네요...",1
"4만 밑으로 떨어지면
삼전 매수해볼게요.
지금은 해외장 안들어오면 바보입니다.",2
"방금 5만주 가까이 팔린거 봤는데
후덜덜하네
이 와중에 누가 또 3만주를 샀네",2
내가손절햇으니 날라갈거여~,0
ㅋㅋ 진짜 역대급 주식이네요,1
"나이스~~~
이대로만 쭈욱 가다오",1
삼성말고 전자회사 우라나라에서 ...없지 않나..,1
55504 / 400주,1
?,1
담주까지 봅시다~,1
모간 산다 ㅋㅋ,1
어휴,1
미래에서 왔습니다,1
몇주 담궈봤어요 1주씩 주문,1
"살짝 아래도 
봐야됨.",1
이재용 깜빵갔을때 끝났다 HBM시작할 시기에깜빵에서보내고 그동안 임원놈 중국에 기술팔아먹고 안타갑내요,0
와 오만원 깨진듯,1
진짜 개국장,1
흑우 없제?,0
지발 탈출좀하자,0
전쟁이니 뭐니 악재다 하는데 늘 있던 일인데 호들갑 떨고있네 돈 벌고 싶으면 담아라 스카이 로켓 출발한다.,0
진짜 오만전자가 되더니 믿기지가 않는다. 왜이리 망가지냐 ㅠㅠ,1
ㅋㅋㅋ,1
오늘로 5중반 왔군요,1
알상무 묻으면 떡락 하는데 이거 알상무 일루미나티 아니냐? 수상하다 압수수색 해야한다,0
대단하네,1
추매,0
"현 시점에서 환율때문에 국내주식&미국주식을 고민중에 있습니다
환율만 아니면 미장으로 가고싶지만...

어찌하오리까~~ ㅜㅜ",1
"안볼란다,눈 감고 느긋하게
묻어두자~",1
"급등전 털어내기
다행",2
첫매수,2
또  4만  전자  오는가?,1
한국인들 쌈짓돈 정말 많네,1
다른 거 추매하려고 일단 익절합니다,1
오늘도 이러다 끝나겠군🚬🚬,1
자사주 매입 85%진행 이제 700만 남았네,1
물타기 한번 해야 되는데 평단 68층이라 빡세네,1
오 상승봉으로 바꼈네요.,2
오 8만전자,1
"한번 급락당하면 빠른손절이 가능한데
한두번 올려주고 최저점 향해가면 존버하다가 크게 물린다!!",0
"차트창이 무슨 블루 코브라냐
고개를 들었다내렸다 춤을추네.
내 대기창에는 언제 응답할래",1
달러 맛있는데 ㅎㅎㅎ,1
삼전 50원이라도 노력하네,1
그만 떨어져라,1
이제 진입하는 사람 부럽다,1
1일희1일비,1
물리지들 마시길..,1
5만 가자~~,2
가시죠,1
내일은 상폐되려나,1
걍 손절치고 달러나 사야겠네 국장은 개노답,0
"50주 추매 총 250주
큰 비중은 아니지만 외인 수급보면 더 간다고 봄",1
삼전은 5만 중반에,1
87300원오바야 87700원해줘,1
"인생극장
빠밤↗ 빠 바밤↗ 빠 바밤↗ 빠 빰빠바밤
그래! 결심했어",1
이거 호재인가요?,2
"나는국장은안하지만 진짜 너무하긴하네..ㅋ
미장 코인 연일 최고가찍는데 국장은 연일 최저가라니...",2
삼성 파이팅!!,1
지금 사도 괜찮나요..주린이에요......🐥,1
"영업이익률이 하이닉스가 3배 높은데

누가 삼전을 매수하겠어

미래는 하이닉스가 압승인데

캐파만 크고 수뇌부 뇌절인데",2
ㅋㅋㅋㅋㅋㅋ 삼전 1주 들고있는게 마이너스 33프로 찍음,1
전 아직 버틸만합니다...ㅠㅠ,1
70000만 축하합니다 👍,1
6만 전자때 사야겠다,1
금투세 때매 국장 어카나요,1
올 라울라,1
얼마나 더 오를거라고 보시나여???,1
미치겠다 진짜,1
"내가 빙시지 
이딴걸 사가지고",1
아이구.질려,1
어쩌다 이런일이,1
"좋은데 ᆢ이유를모르겠네요ㅋ
왜 오르는거예요.?",2
나도 다른 증권사에 삼성주식있지만 진짜 좀 걍 팍 올려주면 안되냐,1
"난 애국자의 마음으로 넣은거다
난 애국자의 마음으로 넣은거다.....히밤...",1
망하구나점점,1
야가자,2
"이재용의 과거 행보를 보면 삼성의 미래가 보입니다.
말사주기, 떡볶이 쳐먹기, 프로포폴 등등등등.
로비스트냐? 로비도 개못함..",1
"역사점 저점에 외상 가능 3.3배면...
토스는 뭐 먹고 사나요?",0
다음 주엔 올라줘서 알상무 고생 안 하게 해주세요~,2
번지대 만들고 패대기 어택 준비중인거 같은데 ㄷㄷㄷ,0
3만전자 고,1
미련없이 팔았었는데 왜 다시 샀을까?,1
네. 이렇게 멍청한 인간이 휘두르는 칼에 엄한 국민만 다칩니다.,1
올라라 올라라,2
와이씨... 55도 깨지고 더내려가네.. 이정도면 태초마을이냐?,1
"다시 시작한지 얼마안됫는데 이런난리라니
6.69에 물려버렸네요
7만에 익절 털라고했는데 대실패 
강제 장투",1
"배부른 노조, 그게 문제임~~~
미친거 아니가~~~
머니도. 좌,우가 있는가~
어디까지 쪼개고. 싶니~~~~",1
주주는 아니지만  팍팍 올라라,2
가즈아,2
빠른손절,0
올라가자~,2
"ㅋㅋㅋ 대박~~ 내가 떨어진다 햇제??
이ㅅ ㄲ때문에 재산 거덜난다~ ㅠㅠ",2
배당 받을라면 언제 팔아야함?,1
손실보고 잘팔았내요,0
#,1
아직 더나락 39000냥 매수해야할듯,1
"주봉 차트 안깨지고 이쁘게 우상향하고있는데
너무  일희일비하지마시고
좋은 찌라시도 오늘 돌았고
천천히 기다려보시죠",2
🙏🙏🙏🙏,1
코인 세미 조정장에서 왔습니다 죄송합니다 죄송합니다,0
"도대체 안떨어지는 날이 읍네
반등이 없다는게 호재가 없다는게
당분간은",2
요새 삼전이 내 도파민임ㅋㅋ,1
토스에 글도 잘 안올라오네 이제ㅋㅋㅋ 잊혀져가나,2
"미친거 아니야 애???
돌겠네 ㅠㅠㅠ
79층 헐",1
삼성 달려,1
재멘,1
울어 큐ㅠㅠㅠㅠㅠㅠㅠㅠㅠㅠㅠㅠㅠㅠ,1
"더아래서 기다렸지만 못먹엇네..

이왕이리된거 쭉올라주기를 ㅎㅎ",2
티라노가 있어요 물리면 골로가요,0
우리 대잡주는 언제 오를려나 허허,0
"내가 미쳤지 이 잡주를..
몇년이나 들고 있다니..",0
ㅋㅋㅋ,1
오늘 3프로 오르면 내일 4프로 내릴듯,1
굿럭,1
ㅏ,1
마지막에 다 던지네ㅋㅋㅋ,1
오른거 다 토하네,1
제발 이제 좀 헤어지자,1
너네팔거야?,1
"진짜 버티다가 2월에 손절 분할매도 했는데
오를수록 마음이 쓰리지만 
올라줘서 고맙다ㅠ",0
급락시작,0
이래도 개잡주가 아니라고?ㅋㅋㅋ,0
"삼성직원은 삼성주식 안산다고 하더니 이제부터 삼성주식많이 사겠네요~받은 주식 올리려면
계속 물타고물타고 ㅎㅎ
개미들과 같이 해봐요~영차영차
삼성최고~~",2
"그래 때는 이때다,
7만원때면 줍줍도?",0
"하루. 빨리 탈출하세요
앤비  납품도 물건너갔네요",0
삼전으로 마이너스 20% 넘었다. ㅎ bird가 마이너스 30%인데.  말이 되냐?,1
다시 6만대로 떨어지면 줍줍하너올게요,0
추가적으로 매수 할만할까요? 8만원선인데;;;;,2
몰라서 묻는거 맞음 의도따위가 없음,1
차트보다가 정신병걸리겠다ㅋㅋㅋㅋ,1
기웃거려볼게요,1
진짜 차트 너무 멋지지않습니까,1
신제품 개발했는데 왜 떨어지는거임,1
복8만까지 기다리고 싶은데 꼭 이럴때 돈쓸일 생기고 ㅜㅜ 빨간불1퍼라도 기다릴게 힘내라,2
"진짜 이차전지 인버스가 반도첸가 ㅋㅋㅋ
하늘아래 두개의 @[태양](A053620)은 없다 ㄷㄷ",1
좀만더 먹어볼까..,1
지칠때쯤 올라갈거지?,2
"미국지수에 넣어놔도 요즘같은 하락장와도 양전임. 음전이여도 얘보다는 심리적으로 안정되고, 신경안쓰임.",1
개미라고 무시하지 마라. 외인이 판거 개미가 주워모으고 그나마 개미때문에 버티고있는거다.,1
"차트를 볼줄 안다면 지금은 매수 금지임
역추세임",2
"진짜 요 거 떨구고 서 호들갑일까? 
아까누가 얘기 하두만 
어디 전쟁난 줄 알것네
고수는 기다림의 미학을 터득해야^^",1
가지고 노는거 같지... 왜?,1
갑자이 왜이래요?????,0
7만전자의 왕관을 버티는중인가?!!,1
와 ㄹㅇ 신경전 대박이네ㅋㅋㅋㅋ..,2
"지금부터 분할 매수하면
절대로 손채 안볼것 같아서 분할 매수 시작~",2
삼성으로 온다,1
영~차,1
오른것만큼 빠질수도...,1
"흔들~~ 흔들~~
좋은 말할때 아래꼬리 길게 흔들어 주라~",2
"십만은 간다고 했쓰니
우리도 테슬람처럼 믿음을 가지시오
서로 서로 살려고 줄 선거 안보이시오",1
SK텔레콤 정리후 일부 이동,1
감사합니다,1
삼성꺼 사려하는데 오늘가격내릴까요,1
미치겠다~~~ 지금이 파업할 시점이니?,1
진짜...나락이다 임마,0
정찰중이였는데 추세가 다시 꺽였네요 52000원쯤부터 줍줍하러 다시 올게요,0
갑자기 급락!! 무신 일이고ㅜㅜ,0
하지만 오늘 쉬는날 다행이다,1
좋아요,2
6만대 진입 가능한겨?,1
성투하십쇼들!,1
얘는 도대체 뭐가 문제냐,1
"이제 올라갈때 됏다
삼성살아야 한국이산다",2
오늘도 외인은 팔아재끼네...ㄷㄷㄷㄷ,1
가지마,1
냥냠,1
무슨 악재가 있었나요?,0
내년까지 홀딩하면 무조건수익봅니다,2
그냥 좀 가면 안되겠니?,1
이참에 개미 다 털고 호들갑떠는 애들도 다 털고 가자 푸씨마냥 넘 시끄러웠음..,2
"성과금?? 걍 이름따라가자
반도체도 못해ㅠ 핸드폰도 못해ㅠ...",2
주린이 삼전 다시 샀어용,1
주식 잘못배운 도박단타쟁이의 처참한 최후,1
환율 꼬라지보니 빨리 털어야될것같은데,0
기사는 호재인데 올라가는게 너무 더디네ㅡㅡㅋ,2
이게뭐노,1
기대하지안는다,1
여러분 안팔면 오릅니다! 힘내세요! 아빠들 화이팅!,1
버거형들이 한달동안 정답을 알려줘도 못 알아쳐먹는 그저 조 센 징 ㅋㅋㅋㅋㅋㅋㅋㅋㅋㅋㅋㅋ,1
주식. 성공,2
어디서 쌍팔년도 훼이크를 주고있어 맞을라고 ㅋㅋ,1
떨린다 ...,1
치열하다,1
커피값 감샤함다,1
삼성 애매하네 마이크론 실적이 잘 나오려나,1
좀 심하게 떨어지네,0
삼성도..이제...슬슬...,1
엔비디아 떨어질때는 같이 떨어지고 오를땐 혼자 떨어지다니 … 거북이 한테 물리면 오래 간다던데 … 손절은 않겠지만 기회비용이 아쉽네요,0
삼전 71층~~계속 가야겠죠?,1
8만 터치는 진짜 에반데,1
삼성보단 신성이지,1
으으으 아침에 팔고싶은 맘이 근질근질 했는데..... 이른젠장 팔아치웠어야는데 아까비,0
7.6~7.8 물량소화도 많이 된것 같아요. 1월 외인 본격매수세 들어오면 8만넘어 8.2도 갈것 같아요. 삼성이 즐거운 연말 선물을 주어 고맙네요~,2
더 사고싶다ㅠㅠ 시드가 없오..,1
오 뚤었네,1
오늘도 파란불,0
오늘도 외국인은 매도네.,0
내일 배당일 맞나요?,1
ㅠㅠ,1
이정도마감도 선방이다 금요일인데,1
귀여운 삼저니 쪼끔만 더 히믈내,1
이런   이정도면  온천수 라도 나와야 하는거 아님?,1
진짜 대단하네 이렇게 말해줘도 끝까지 들고가려고,1
"난테 70,300원이면  공짜라곸  담그라고 했던
옵뽜 ❤️색휘 어디로 갔어욬~!!   얼룽 나와봐봐욬 
아  난 정말  장타랑 국장은  아닌고같아...
뭐 겨울엔 복구돼어있겠짘  
삼전 팔고  쿠리스마스 선물로  가방이나...",0
"코스피 시총 1등인데 떨어질때는 맨날 두배여 개잡주
걍 상폐해라",0
"그간 별로 오른것도 없는 것 같은데 
벌써 거의 과매수권이네...
강력한 호재 한방으로 상단 추세선을 뚫어버리면 좋겠네요",2
아…. 71300원까지 갔었구나… 하 해방할 타이밍을 못 봤다…,1
이정도라도 감사해지네,1
익절은 언제나 옳다,2
"그냥 공포로 빠진거고 정신차리니 올리는거지
그것도모르노",1
손절해야 하나요~너무 하넹,0
4만전자 가즈아아,2
"고진감래!!!
좋은일만 있기를~~^^",2
나락이 이것인가?,0
"1년동안 상단 터치를 한적도 없어서 무의미 한거 같은데
다들 어떻게 보시나요?
하단 터치 하면 30분할로 종가 매수 해보려고 합니다",2
풀매수 간다,2
ㅋㅋㅋㅋ컄ㅋㅋㅋ,1
ㅇ허 머야?,1
쫌 올라가자 그동안 속태우지 않았니,2
너무 잘했다,1
떨어져도 웃고 올라가면 더웃고 ㅋㅋㅋ,1
3년 가지고 있다가 85에 못 빼고 이제야 뺀다 7만원대에서 입 벌리고 기다릴게 빨리와,1
"3천만원어치 사고 묻어두면, 내년이맘떄, 4천만원으로 돌려받는 마법의 쎔쏭!!


이 되기를... 비나이다 비나이다.. ㅋㅋ",1
"#외인들이 3일동안 매수하는단위가 역쉬.틀리네요
3월은 약보합  조금씩 왓다리갔다리하는달",2
입성,2
.,1
내가 사니까 기가막히게 쭉쭉 떨어지네 ㄷㄷ,1
또다시 돌아왔습니다,1
호재가많네요,2
16%     이익이   10%로   내려왔네     수량 이나  늘려보는데   힘쓰자,1
기다려 2년잡고 기다려,1
"알지? 엄마는 공병, 아빠는 폐지. 
뭐해? 출발",1
개미가 팔아재끼고 외인 기관이 사니까 쭉 오르겠네,1
기분좋네요,2
까비... 58층에사 내렷는데ㅠ,1
"외국인은 다 매도하고 힌국인이
다 받아먹는건가..?",0
다시한번 말하지만 단기호재가 아닌 중기호재입니다. 외인들 꾸준히 팔았던것처럼 꾸준히 말아 올릴거에요. 투자기관들 목표가 수정할테고요.,2
"총알이. 없네
빚 내서는 못사고",1
4만전자 우려가 아니라 3만까지도~~~,1
방어력보소,1
자사주 매입은 언발에 오줌누기,1
"아니 이걸 왜 안올리고 자회사 
레인보우를 ...",1
개미 매입량이 줄어들어서 일부로 4까지 깨트리고 언론 보도  유도한건가  저가 매수세 들어으게 하려고..???,2
레전드긴하지 ㅋㅋ,1
드뎌 내 평단까지 다와간다 !! ㅎㅎㅎㅎ,2
국장은진짜최악ㅋ,1
외국넘들 저금통이네,1
"-450만원 손절했습니다. ㅠㅠ

룰을 안지킨 대가가 혹독해서 손절라인은 지켰네요…",0
얼마에 들어가는게 적당할까요? 일단 지금은 아닌거같음,1
재용이랑 2인자 능력 없는거 모르는 흑우없제?,0
내 무습다~~,1
하이닉스처럼 올라주라,2
삼전이 진짜 위태롭다고 하던데 위기인지 기회인지 잘 판단하시길,2
치킨,1
사실 해외는 이미 비트코인 ATM기기도 있고 결제가능한 매장들 많음.,1
3달전에8만원대이던게 5만원대도 휘청하네,1
버티지 말고.. 내려왓,1
기머띠,1
언제나 제자리 걸음?????,1
피폭뉴스 떴네요,1
"에이,아이스 아메리카노나 한잔 때려야긋다
타이밍...항상 타이밍이 문제야~...♡",1
오늘 최고 538 예상,2
ㄱㄱ,1
ㅋㅋ 바보들 11월 14일 옵션만기일이다. 기관 외국인은 양매수걸어뫃고 개미들이 롱 배팅들 쳐 해놓니까 청산하라고 재촉이는거야... 그러니까 물타기는 14일 이후 금요일부터 드가면 되는기야.. 나도 이때만을 기다리면서 -10퍼 여도 물타기안함,2
인구야..,1
🎑,1
"삼전 인기 많네요
토스  에 삼성주주나  삼성주주 아니신 분들도 글 많이 올리네요",2
그냥 탈출 시켜 주신거에 감사…,0
"전 이제 버리고 엔비디아로 갑니다~
내일은 오를꺼에요~ 제가 팔아서~^^",2
"저번 고점인 59000원에  물려있는 개미들... 오늘 드디어 올랐다! 평단이다
또 저번처럼 떨어지겠지? 탈출해야겠다ㅠㅠ
본절이라도하자

내일 또 급등후 아씨..팔지말걸..ㅠㅠ

결국 그냥 진득하게 기다리는사람이 수익봅니다 지금은 저번이랑 달라요
기다리세요",2
야 멀었어 생색은,1
이거왜삼,1
아이고 참이다 ㅠ. 탈출,0
777 그냥 숫자가 맘에 들어서 777주 삼,1
"주봉 키셔서 5이평 닿을때마다 저항으로 계속 떨어지는거 확인 하시구요.
스윙~중기 대응을 원하시는 분들은
1.  최소 일봉 캔들 쌍바닥~역헤숄 밥그릇모양 그릴 것.
2. 역배열중인 이동평균선이 짬뽕마냥 수렴할 것.
3. 60이평이 상방으로 틀고 캔들~5~20이평이 그 위에서 웨이브타는 정배열이 갖추어질 것.
4. 일봉으로 먼저 1~3 과정을 거치고 주봉까지 1~3과정을 거칠 것. = 찐 대세상승
 며칠~몇주사이에 충족시킬 조건이 아니죠.
 위 조건들이 만족할 때까지는 박아놓고 세월아네월아 기다리기 보단, 짧은 대응과 현금 확보를 해두셔야 정말 좋은 상승 먹을 수 있습니다.
 이 시장은 살아있으면 반드시 좋은 장 오구요. 그땐 벌기 쉽습니다. 당장이 그런 차트가 아닐뿐이죠.

 제가 위에 말한 저 조건들 짧은 봉에서도 다 나옵니다. 그런 자리들이 단타자리가 되는거구요. 결국 큰봉의 힘이 중요합니다.

 좋은날 올겁니다. 주주님들 화이팅하세요💙",2
오바로크 회사냐?,1
받아올리기,1
괴로우나 즐거우나 나라 사랑하세,1
"언제쯤 삼전이 정상범위로 날아갈까요?
그래도 삼전이 코스피 대장인데.. ㅠ
외인들이 들어오질않네요..",2
"삼전 최고의 기업 
재용이는 병철이의 뚝심+ 건희의 꾀를 닮은 황금소",2
어제 매수 안한거 칭찬해~~♡♡,2
티켓팔아요. 2장 남음 선착순,1
런,1
찐반인가 ㅋㅋㅋ,1
블록딜 가격이 비싸다는 표현인가?,1
"3년만에 털어내는데 성공..

더 올라도 미련없다",2
7층 되자마자 팔려는데 쉽지않네요...,1
외인이 온다~~,1
"미장에서 오른거 다 까먹어서 황밸 맞춰주는 내 증권계좌 정상화의 신, 국장",1
오늘 60층 다시 트라이 하는데 크게 뚫어주는 그림 나오길,1
어닝 서프라이즈에 경쟁사 지진나는데 주가는 ㅎㅎ 한국프리미엄? 안될 곳이다,2
"2년 넘게 정들었는데

타종목들 단가 조정을위해

셀 삼성 합니다

다들익절하세요",1
"삼성 주주도 아닌데 웅장해지네
한국 대표 기업 삼성이 더 잘나갔으면…",1
"삼전 안보이기 하니 마이너스가 확 줄었내 ㅋㅋ
10년 배당 받으면서 버티려 했는대
20년은 받아야 할. 듯 ㅋㅋ",1
"지난주에 나를 낚으려는건줄도 모르고

이제 오르는줄 알고 5만9천원에 샀었지

두번은 안당한다.

4만전자까지 추매안한다.",0
"지금 여유주식자금 있어
딱 1군데만 해야 된다면",1
"삼전에 물린사람이  많은데
급등이 나올수가 있을까
평단만 와도 내던질 사람들 천진데",1
잘 먹었습니다,1
삼성은  외국  나가서 보면 자랑스러운  국력 입니다. 열심히 분발 해서 일등기업 으로 남아 주세요..  삼성  홧팅!!!,1
.....,1
떨어져라....빨리,1
"절반 손절 
내일 퐁락하면 다시 물타겟습니다.",0
내 자식들 다 오르는구나,1
내일 날아가네,2
한국 개미들 대단하긴해 그치만 우리가 막기에는 한계다 ㅠ,0
"개인적인 생각으로 악재도 이미 과하게 반영 되었고, 바닥도 충분히 다져진 상태라고 생각합니다.  커뮤니티나 여러 공포를 조성하려는 기사들도 쏟아지는거 보니 이제 슬슬 때가 되지 않았나 싶습니다. 물론 삼성이 무거운 주식이다보니 상승할때도 오랜 기간에 걸쳐 조금씩 상승이 이뤄지니 그점은 유의하셔야 합니다. 그리고 제발 금투세가 폐지가 되기를 바랍니다.",0
내일 가장 싸다 ㅋㅋ 맞다,1
"위안이 될까해서 ..
프리마켓에서 엔비디아
마이크론 올랐어요
내일 쪼매 기대가 됩니다
좋은 리포터가 나왔으면 좋으련만...",2
국내장은 그냥 눈치게임이구나..,1
곧 사기 좋은 적기같군,2
영ㅊㅏ,1
어닝서프라이즈인디 망한겨????,1
"2년전 주가 보명 답 나론다
답 없는 인간들뿐이라 안타까움 ㅉㅉㅉ",1
아 짜증나네,1
"조선 일짱이라 무겁긴 하겠지만
너무나도 실망스러운 무빙은 참...;;;;;;;;

개인적으로 삼전 기사도 기삿거리 안되는거 같아 요즘 뉴스 메인에서도 안보이는것 같아서 좋은 시기 같긴 합니다만 너무 굼떠서 미치겠네요 ㅠㅋㅋ",1
"개장 초반 프로그램 매매

외인은 제이피모건창구로 크게 긁어가고 있네요",1
영차영차 다들 힘내시죠,2
사만전자 축축!!!!!,1
매도걸어놨는데 팔렸당,0
"추격매수 
월급의 70%를 s전자 매수하는 1인",2
대두창 체포에 코스피 환호성~~,1
"선생님들요
얘가 8만원에서 멈출걸로보입니까
돈벌라면 진득하게 기다리소",1
급물살 주의~ㅋㅋ  올라라 날아라~~~,2
인버스 사라 했거늘...다들 안녕하신가요,0
"내가 얘 떨어진다 했지? 
근데.. 아직 더 떨어지겠다 7만 초반까지 떨어졌다가 또 급반등해서 8만갔다 또 떨어질꺼니 7초반에 들어갔다 7중반 이후에 팔아먹어~",0
5만대 오면 매수간다,2
"오늘은 뺑끼야 조금 올려주고
내일 또 확 내릴꺼야
암",1
5.9에 애개리 쭤억!,1
국장 개잡주 탑쓰리 삼전 네이버 카카오,0
"좀 배워라 이것들아.
주주도 아닌 주둥이파이터들 참 많네.",1
생각보다 안떨어졌네,1
외인 들어올때 들어가세요 ㅎㅎ,1
예민한 녀석,1
PBR0.9배는 너무 선넘긴했지 ㅋㅋ,1
눈치싸움 오진다,1
아직은 잘 모르겠네…,1
삼성은 빨리 임원 정리해고 방안 마련 해라,1
삼쪽이 폭등 ㄷㄷㄷ,2
어느순간 팔리고 다시 내려가네요.다행인건지~,1
5만5천까지 내려간다 조심들 하셔,2
6만 뚫리나요~~~~~~!,1
이걸 왜 삿을까?,1
6층 오겟죠..,1
와이카누,1
헛소리하시는분들 많네요 저도 삼성 응원하지만 시총300조 30프로 약100조.. 트럼프 업은 코인삘나는 테슬라도 하루에 30프로는 안가용ㅋㅋ,1
호재가 있어 조금 기대해봐도 될듯..,2
나도 안팔고 기달,0
"오늘도 수고하셨습니다.
밥이 목구멍으로 안넘어가네요.
천만원 손실 나면 뛰어내리겠습니다.",0
삼전으로 원투펀치 맞을줄은 몰랐네....,1
나도 그땐 애국외인 매국기관이라는 자극적인 단어를 사용할수밖에 없단다 얘,1
"뭘또 내 평단까지 내려온겨 
위로 가라",1
끝난듯,1
"탱크도 이동하고
헬기도 국회로 이동하고
난리나겠네요ㅜ",1
자2차전 시작,1
진짜 디질래?,1
오늘은 어찌 될려나,1
안녕 다신만나지말자고~~,1
"몰빵 물타기 하지말고
떨어질 때 마다 두 배로 물타기
그것만이 유일한 정답",1
785 뚫리겠는데?,1
매일매일 최고가 갱신!꙼̈ 이대로면 새해에는 8만되겠쬬 ?̊̈?̊̈,2
구조대 감사합니다 퓨ㅠㅠ,1
잘 생각 해보자 뉴스보고 들어왔다면 런이야 엔비디아가 물량이 딸려서 삼전에????? 그럴 필요가 없지 성능도 성능이고 수취률도 낮은데,2
이번주 슈카월드 주제 ㅋㅋㅋㅋㅋㅋ,1
그냥 매도만 줄창했다는 소리네..,0
"삼전이 하락세이지만
지금보다 더 저점이 있을수도있지만
결론은 삼성이 망하면 우리나라도 망할거에여

지금은 비록 이런상황이지만,
분탕질하는 커뮤 무시하시구
저같은 주린이분들은 본인 신념대로 ㅎㅎ

많은것을 얻으려면 많은것을 잃으려는 리스크도 본인이 책임져야하니깐요 ㅎㅎ",0
탈출..,0
"3조 주식소각 효과는 산술적으로 500원 미만.
3조 추가매입은 임직원 나눠주면 산술적으로 0원..
tsmc가 인텔 파운드리 인수해서 살려버리면, 삼전 파운드리는 산소호흡기 떼는 상황..
하지만 주가는 1000원씩 오르고 외인들이 마구 산다
큰 악재가 없는 게 호재인걸까..
오늘 뺐는데 내일 아침 다시 들어가야 할까",1
이거 양도세 절세용으로 하시는거 맞죠?,2
"매주 1주 모으기해서 6% 올랏는데 손절해야할까여? 
반려주식하고 싶었는데 재용이형 보면 퀠컴으로 갈아타야하나 싶구…",0
우리나라. 주식 시장 걱정이네요 ㅜ,1
뭐하냐,1
자사칩 빼니까 s25 겁나게 팔리네 ㅋㅋㅋㅋㅋㅌ,0
오늘진짜 개미가 다주웠는데 결과는 이제나오겠지ㅋㅋㅋㅋ,1
아니 이게 맞아????,1
진짜 개잡주 되버렸네,0
개잡주..ㅜㅜ,0
외인이 못견디고 들어왔네 ㅡㅎ,1
이건희 회장님 생존해 있었다면 경영진 모조리 모가지인데....그 잘나가던 삼성이 무능한 경영진으로 인해 이래 망가지나??,0
"지금이야
슬슬 준비~~",1
7000원 무너는질건데 어디까지인가?,1
줄때먹길 잘했네,1
진짜 미치겠네  뒤저라,0
.,1
"캬 정확히 5년 전 주가로 회귀
삼전의 잃어버린 5년..
누구의 잘못인가..",1
"낙폭과대라 일시적인 기술적 반등일지..
아니면  저점 찍고 전고까지 상승 할런지.
아리까리 하네~",1
더 놔둘걸 내가 팔면 오르겠죠,1
.,1
ㅠㅠ,1
"저만 모르나요? 
미국대선? 
중동전쟁?

국내외 주식이 일제히 평균 10% 빠지는 이유는 뭔가요?",1
"성질급한
저는 한달 월급 날리고 마무리하네요ᆢㅠ
속상해서 쐬주나 한잔하러 갑니다요ᆢ
모두들 성투하세요...

다른",2
애 국 매 수,1
누가 이기나 보자,1
"첫 주식으로 샀는데
이렇게 좋은 수익 내줘서 고마워요 삼성!
또 올게용🫶",2
식사들 하시지요~👍,1
언제사든 물리는 마법의 주식,1
😊,1
"AI시대에 마추어 HBM을 개발하지 못하고, 하루아침에 되는 일이 아니라 시간이 필요하기 때문에 기술력의 한계가 와서 외인이 계속 매도하는 것같습니다.",0
"파니까 오르노 내려와라 재진입하게,,,",1
지금 사도 될까요?,1
아시는 분?,1
다 파는데 개미만 받아주는데도 쭉 빼네,1
외인들 더팔께 남았었네 ㅋㅋㅋㅋㅋㅋㅋㅋㅋㅋ 미쳤다,2
"하닉 17조 팔아서 이익 7조 

임직원 인센티브로 1조 정도 썼다고 생각해도 5조...삼전이 어쩌다가...",1
내일 오르고 몇일 오르다가 다시 눌림목 한번더 나올듯,2
"비장한 표정으로 리재용 수령님께 눈도장 찍는 차원에서 더 매입쑈하지 않고 뭐하고 있는거냐?? 

고조 날래날래 사라우야 임원 동무들~",1
천천히 우상향중,2
67500 지지선,1
"어제살짝반등주는척한다고
환호성나올때 아직멀었다고했다",1
"아무렇지도않음 
더 떨어져도 삼성 응원함!",0
"사탄이 몰려오고 있습니다.
간절히 기도합시다.",1
내일 엔비디아 통과 발표하나요?,1
조금 내리니 다들 구매엄청하네,1
더사야지,1
몇달을 기다려야 본 을 찾겠냐,1
"순식간에 올라가네
뭐 다시 내려와도 총알준비 완료
올라가도 좋고
내려와도 좋고 포지션 잘 잡은듯",2
8만까지 가즈아~~,2
삼성은 이재용 안나가면 망할듯 직접한 사업들 말아 먹고 선대 사업들까지 말아 먹는중,1
55000까지는 계속 떨어지겠다,1
더 안오를것같기도 하고….,1
주린이인데 삼전 5.7만 선 떨어지면 답없어질 거 같다는 생각이 든다,1
10년 숨기기  해야것어,1
9월 배당 락일 언제에요??,1
흠,1
6층사는 사람인데  물타기했습니다,1
7층 계시나요?,1
"테슬라에서 벌어서 삼전 메우고있어요

이젠 그만하고 싶어요",1
싸다고 주식을 사지 마세요,1
Dd,1
"꽃 피는 봄은언제.
오려나.
제용아나좀
살려주라.",0
존버하면 무조건 우상향인 줄 알았는데 2년지나고 보니 좀 의심스럽다 너란녀석,2
난 모르겠다,1
@[파버나인](A177830)   여기 관심좀 주세요 ㅋㅋㅋㅋㅋ 사람있어요~ ㅋㅋㅋ,1
찾았습니다. 웃고가세요.,1
이거 팔리면 75 밑에서 봅시다 3년 기다렸으면 많이 기다렸다..,1
6만원 아래에 몽창 사야지요~~,1
당황스럽네,1
유앰부영났네,1
3년 넘게 걸렸다 드디어 떠난다🥹,1
"내돈 다날라가네~~
올라가자!!",2
더가지고있어야도나 희망고문하네,1
58 못뚫었습니다. 아직 기대하긴 이름,1
솔까,1
삼성에 입사도 못하는 내가 삼성을 갈구는 날이 오다니! 똑바로좀 하자!,1
몰라,1
오늘은 매수 타이밍 ❤❤❤,2
심심하노 주식도 주말반 만들면 안되나,1
삼성망허자,1
개잡주,0
"얼마까지 오를까요
난아직 파란불",0
"삼전임원진들은 개미들쪽으로 매일 절해야함🧐🧐
삼전 믿어주는 개미들 없었음 얼마까지 폭락할지 감도안잡힘",0
20% 폭락 예상했는데 쩝.. 노잼이네,0
"객관적인 지표 이거 믿을 수 있으면
어떤 안티글에도 휘둘리지 않을 수 있다!

지표는 거짓말을 하지 않는다!!
지금 사모으면 3개월안에 무조건 수익 10000% 난다!!!",2
진짜 국장은 장기투자하는게 아닌듯  적당히 이익보고 빠졌다가 떨어지면 다시 사야되는거 같은데 너무 힘드네,0
다음 시즌을 기약하세요?,1
J,1
이렇습니다,1
훠훠훠,1
"주식 고수님들....
올해말까정 10만 갈까요?
차고차곡 모아 볼려구요.
조언 부탁드립니다.",1
상상도 못했다 증말..,1
ㄴㅇㅅ,1
하이닉스 너무 부럽다..,1
그냥 3시반까지는기다리시나요들,1
내일은 오르겠지..,1
지금이라도 들어가말아여…,1
메가커피도 못사먹네ㅋㅋ 걍 탈출,0
제발 힘좀받자..,1
외국인은 도대체 언제 살까,1
또 한 1년 물려있어야하나...,1
기관이랑 외국인 싸운다 ㅋㅋㅋㅋ 기관 이겨라!!!,1
좀 심한데?,1
방금 평단 넘었는데 뺄까요...?,1
나름  국장  유망주라고 생각하고  투자한 결과  제길  11월5일까지  금투세  폐지 안하면  국장  두번 다시  안온다,1
오만전자에서 벗어날수가 읍나 원금만 대면 바로 튀고 싳다,1
고스피는ㅈ답이없네,1
상한가!,2
복권 명당이라고 해서 왔습니다,1
개인이 3일이상 매도한건 몇개월만이네요 드디어 개인 신용물량 풀리나봅니다,0
잘버티나했더니... 흠 🤔,1
금투세 도입되면 이거보다 더 떨어짐 ㅋㅋㅋ,0
"아니 딱 5퍼만 먹을라카도 
그 5퍼도 못가냐 이건..?",1
이게 자사주매입인가요?,1
"G20 국가 중 주가상승률 꼴등을 기록한 국장이 이지경 된 이유 중. 정치권 누가 더 큰 잘못이 많을까요. 사실 둘 다 모지리들이라 생각하지만
더 문제가 많은 곳이라 생각되는 곳을 선택하세요.",2
치킨값 벌었다 ㅎ,1
개미들 또 속았네요..외국인농간에 물량 다털렸네요..,1
ㅇ,1
주식이 왜안팔리징,1
난 진짜 여길 들어오지 말아야지....c8 여기 얘기듣고 사팔사팔하다...맨날 이꼴이여,1
음전했네..,1
"오를일만 남았구나 쭉쭉 가자
찔끔찔끔 말고",2
이게머꼬 바로 떨어지노,1
끝날때까지 끝난게 아니지💞💞,1
1차 구매 끝났고 5만원대 진입하면 2차 구매 해야겠네여,1
"장초반 빠진 외인 다시 들어왔네요
123만 대군 이끌고 ㅎ ㅎ",1
굳뜨,1
가주아!!,1
역시 전자 너는 바뀌질 않는구나..,1
외국인 또튀네,1
오올~6만전자~,1
네이버 게시판도 그 모양이던데 어디든 똑같네요,2
8만 올줄알았는데 🥲,1
하 ..,1
야 맛있게익었네 곧 먹을자린가봐,1
내일 조금더 사봐야하나,1
에휴 닌 그냥 내가 숨김 처리함,0
대호황!!!!ㄷㄷ,2
9시가 무섭다 ㅋㅋㅋㅋㅋ,0
국짐당 선거 밑천 땜에 우하향~      선거만 끝나면 8만간다!!!,1
5만원 아래로 가지만 마라,1
그때 삼전만 안 샀더라면... 오늘 빼빼로를 100통넘게 샀을텐데,1
"계속 내리막
ㅡ.ㅡ  돈 생기면 모아서  사고
정말  일개미다 ㅠㅠ 😭",1
대단하다..  리더가 없는 회사  ㅠㅠ,1
있으면 좋겠습니다,1
아직 외인 한참 더 던지겠구만,1
5만원 오면 사준다 ㅋ,1
ㅋㅋㅋㅋㅋㅋ,1
아이쿠 … 그래도 53은 지키고 싶은가보구나,1
안녕하세요. 좋은 아침입니다 혹시 지금 토스 앱 저만 이상한가요?,2
.,1
개미들은 돈도 많아...,1
아 이거 ㅈ되겠는데,1
한달내내 팔아도 아직도 남아있단  말인가,1
"적어도 지금은 아님 
너도나도 싸다고 생각하는데 
개인들 투매나올때  더떨어지리라 봄 
그때 외인 받아먹을거같은데
이거  6만 전자도 쉽지않을듯",1
62층오면 곱배끼로줄게 개굴,1
계속떨어지는것도 신기할 지경이다,1
"120이평선 아래로는 안흐를거같은데 지금 들가는게 맞지않을까...,",1
이거 진짜에요? 나 믿을 수가 없어,1
실적 95.7프로 감소  14년만에 최저,1
"오르는 이유?
싸니까 오르는 겁니다^^",1
>_<,1
엄청나게사뿌네 자사주매입이가?,1
"삼전꺼 다빼고 엔비 넣긴했지만 이런실적?
10만전자까지 가즈아",2
오늘은 장마감때 떨구니까 그때 매수할 사람들은 사세요,2
3년버티고 드디어 양전 감격이다>_< ㅋㅋㅋ,2
지금부터 소액씩 분할,1
망했냐?,0
며칠전에 5.6에 매도걸고 깜빡한 내 자신이 밉다.,0
이 개잡주… 그냥 손절액 적을 때 손절했어야 했는데…,0
"아직도 추매...할 생각이 들어?
관망혀~  추매 손꾸락 잠시 치워두고",0
올라가라,2
6만전자 다시가나?,1
내인생같구나,1
굳,1
"떨어진만큼 오르면 말도 안하지만
떨어지고 쪼끔오르면 좋아하는 애들이 문제다",2
다시진입,1
"내가 현직에 있다...
사지마 ㅋㅋ 직원들 근면성실은 사라짐",1
개미들만샀네 내일 6만가나ㅋ,2
4만전자까지는 안될꺼같은데,1
불확실성 해소~ 내일부터 쭉쭉 달려보자,2
배당금 챙겨야지,1
확좀 올라랏,2
"교육감 선거보고 아직 멀었다고 생각한다
더 내려갈거라고 ㅋㅋ",1
외국인은 왜 팔고 기관에서는 사는건가요?.?,0
그게더 수익높아보이는데?,2
제 판단 어땠나요?,1
단타에 맛들인 기관들이문제~~~,1
3개월동안 외국인 순매도 8천만 ㄷㄷ,0
이제 날아가나.10배.100배,2
ㅋㅋㅋㅋㅋㅋㅋㅋㅋㅋㅋㅋㅋㅋㅋㅋㅋㅋㅋㅋ,1
"삼성 주식을 보면 첩자 뭉 소De가리 가 생각나서 열이 받는다 .ㅠ
이리될줄 알았지.",1
"코스피 2450~2500사이 추매타이밍

빠진김에 63000까지 내려와라

65000지지하겠디만",0
큐큐,1
"진짜 국장하는 사람들의 심리가 무엇인가요?

돈버리러 온건가요?",1
다팔고 닉스로 넘어 오세요,0
"파티모집해서 대규모 소송 때려서 기업한테 돈 다 받아내던데 
법이 주주들한테 유리하게 돼있는데 
법정다툼 하면 더 불리해지니 걍 합의해서 잃은돈 다 주고 치움",1
"평단 7.3 
-80만원인데.. 이제 그만 놓아줄까요 ? 넘모 슬퍼버리자너 ㅠ",1
평단가 딱 63층인데 어떤가요?,1
더 내려오네...,1
또 그놈의 선반영인가,1
"200주에서  100주빼서 단탸해야나 .
이거 6만까지 언제갈라나",1
외인이 삼전 팔아 닉스사네...,1
"장 마감까지 58,000 만들어놔라",1
그래프가 왜 이래요,1
ㅋㅋㅋㅋㅋㅋㅋ얘 왜삿을까,1
"5만이면
감삽합니다하고사야지ㅋㅋㅋ
이미먹고있음ㅋㅋ오를줄알았다ㅋ",1
찐짜  답이 없겠다  대형주를 3년갖고 있어도 옷팔면 답업는것 아니가요 휴 ~~,1
오늘도 88천장 3번 맞고 팅겨내려오고 끝나겠네 ㅋ,1
국장을 너무 쉽게 봐부러쓰. 손절하고 이번엔 쪼금만 재진입! -_-)+,0
"이런날도 있는거죠 쌤전~ 
전 이제 탈출 완료~^^
오늘을 즐기세요",0
"기관이나 기타법인은 줄곳삿으니
어느정도  팔아야  장사되겠죠",1
.,1
압!!! 외인 또 파넹;;;,1
#,1
"얘들아 불면증 있으면 
삼전 차트봐라 잠이 솔솔 온다",1
삼전승,1
전tothe쟁,1
"시드 반토막 나기 시루면 지금이라도 손절해라
형이 주는 마지막 경고다",0
엔비 겨우 익절하고 나왔더니 이런데 물리네...,2
개미들이여! 4를 기다려라! 4는 무조건 옵니다!,1
안팔리넹~~~,1
빨리4만 무너트리고 다시 올라오길,2
배당락 언제예요?,1
달달허냉,1
드뎌 6만시작이넹,1
"얼음!!
나는 이 주식을 사봤다구요",1
와 7만원으로떨어지는거보고 이때다 샀는데 ㅠ,1
가즈아 8만 ⏫️,2
"남들 욕하고 망한다 할때 조금씩 모았는데 수량이 
아쉽네요ㅎ 얼른 6만 뚫기를~~가즈아",1
"이제 슬슬 진입 각!

- 원거리 데이터센터 구축에 더 유리한 브로드컴으로 AI칩이 옮겨가고 있다는 점.
- 브로드컴과 HBM4에 대해 삼성과 협력하고 있다는 점
- 강달러가 너무 오래 지속되었 미국 10년물 채권 금리가 너무 높아졌다는 점. 이로 인한 코스피가 현재 매력적
- 코스피 PBR이 0.8에 가까워졌다는 점.",1
평단 62500 ㅁㅌㅊ?,1
아쉽다,1
진짜 갖다버리고싶네 내손ㅋㅋㅋㅋㅋㅋㅋㅋㅋㅋㅋㅋㅋㅋㅋㅋㅋㅋ,1
내일 더갈거같은뎅 추세갘ㅋㅋㅋ 제발 80층에 사람있어요 ㅠ 한층만 더와주세요,1
30조 세수 예상 덜 걷혀서 환방어해야 할 돈 끌어다 메꾼답니다.,1
드디어 내평단까지...조금만 힘내줘~~~,1
39000원 오면 매수해야곘다,2
"외국인 낚시 지렸다 ㅋ

외상 긁으신분 ~?",1
닉스형님께 하청받았구나ㅎ,1
"긍정적인 글 삼성이니깐 절대 오른다는 믿음~~
과연절대란게 있을까요?
절대란건없어요

파는사람이 많으면 내립니다
사는사람이 많으면 오릅니다

외국인들 피같은돈 8조를  그냥 버렸다고 생각하시면 아니죠?  그들이 기지고있는 액면분할전부터 15000~30000까지 들고있던 주식수만  대충잡아도 200조는 될겁니다
주식수로 30억주이상 들고있음다
저들이 맘먹으면 일년도 오르락내리락하며 절대 개인들 돈벌게 안해줄겁니다
아무이유없이 지들 피같은 돈을 집어던진다 그건 아니니거 같어요

장투로 가실분들은 머 미래가 장미빛일수도 있겠지만 
여기오시는분들중 장투하시는분은 100명에 한명?  그정도 일걸요

보고 출렁대는데 안파는사람없읍니다",1
진짜 5만전자 되면 살짝 발 담가야겠다,1
"지금은 팔때가 아니라 살때아닌가
믿고사는 삼전이 어째 이래됬누?
한번 보여줘라 삼전 🤣",1
소소하게,1
"어디 아픔? 왜 오름?


고맙게",1
그러니까 대기업들 주식 오를수 있을때 오르게 두면서 세금을 좀 더 낼것이지.. 관리한답시고 ㅅㄹ 키워놓으니 이사달난거 아님??,1
액면분할전 가격 3650000대단 해요 이주식에 투자 해야 합니까?,1
관,1
미끄럼 타고 흐르네.,0
역시~사고 파는것보다 장투가 최고네요♥ 빨간글 보여서 기분좋네요.,2
개미들도 이제 하나둘 떠나나보네ㅋㅋ,1
8만넘었을때 팔았어야했네…ㅎ,1
"21년 12월부터 들고있던 삼전..
5만전자 때 추매할걸 그랬다는 생각도 들지만
이만 보내줄 수 있는게 더 기쁘네요
다들 안녕..~",0
음~ 병ㅅ주식,1
"외인들 겁나 팔잖아 또
왜 맨날 당하냐",0
미래가 없다,1
-10분 전,1
삼전이 상한가 가려면 무슨 뉴스가 있어야할까,2
누가 버거형들 치즈버거좀 사주세요. 마음을 돌려줘,1
오르기를 기다리며 ~~,1
그냥 보면 화가 남,1
"물렸던 한국인들 우르르 도망가고
호재보고 온 외국인들 들어오네 ㅋㅋ",1
"왜 삼성만 계속 팔아재끼는 걸까요?
선박, 전기 등등 외국인 수급 엄청쌘데
이번 s25 에도 반도체 다 다른회사꺼 사용했다던데.
외국인들이 삼성만 이리 파는 이유는
무엇일까요?.",1
ㅌㅌ,1
인버스 왜 없어!,0
영차영차,2
이런 4만갈것 같은 느낌적인 느낌  그때 추매,0
대상승!,2
진짜 4만전자 기다려야 하나요? ㅜㅜ 그냥 당분간 물타기,1
어제 사서 오늘 파는 단타종목 삼전 ㅡㅡ,1
"선생님들 감사합니다 
드디어 탈출 했어요 
다시 올께요 
내사랑 삼성 화이팅 !!!",0
하루에 69만주살수있대요,1
배당금은 언제인가요?,1
추매추매,0
ㅠㅠ,1
"한달넘게 물렸다가 탈출하려니..
막상 탈출해도 살게 없네요 ㅋㅋㅋ
걍 3월까지 들고 가렵니다",0
조금만 더 올려줘,1
꾸준추매,0
팔만전자 가자.......,2
그래도 생각보다 안떨궜네,1
6만 가나?,1
"잘못하면 54000원에 터치후 24000원까지도 열려 있내
기술적 분석으로 봤을때",1
오후에 한번더 상승 힐수도,2
슬슬 주울때 된거같은데 다들 동의하시나요?,1
동시호가는 사라져야한다,1
5만전자 가니?..,1
담주 월요일에 밥값 벌구 나간다,2
ㅈㅈ,1
엔비디아 마10 nvdl 마20 입갤..,1
"당분간 룸서비스, 치폴레는 안뇽~",1
오늘도 속지마세요,1
자 워랜버핏메타 ㄷㄱㅈㅇ~~!,1
하 개쳐물렸네.....,0
삼전 대량매도 체결있는데 오너일가인가?,0
"삼성은 미래를 보고 투자하는겁니다.
단타로 접근하시면 안되고 길게 보시면 좋은 성과가 분명이 있다고 봅니다.",2
"울 나라 최고 기업이 진짜 부끄럽네...
외국기업 하나로 이렇게 흔들리니...
엔비디아의 무수리로 줄 선건가?
아...기분 나쁘네.
삼전이 이런 취급 받으니...
85000원때 매도 할껄 괜히 9만전자 기다리다 골로 가게 생겼네~
엔비디아건 해결돼야 오르겠지...
ㅠㅠ",0
ㄷㄷ 5%나 올라감,2
낼은 언덕으로  뛰어내릴껴,1
쏜다!! 드가자,2
"오늘 개미털기했으니
낼은 7만",0
하락의세계기록보유회사 이재용최고,1
실적은 거짓말 하지 않는다,1
"분할매수 홀딩하고 저점 확실시 되면
추가매수 예정",1
코인주에서 돈 벌어서 사러와줄께 힘내라 삼성,1
개잡주도아니고 국대표주가 2일세 16%올랏으면 오늘떨어지는거 예상못함?,0
"섬전 에서 개고생 하지 말고
하닉으로 
그동안 삼성한테 당했는 데 도 그걸모르나
많이 안 떨어진다고 그러니
크게 먹을 려면 페닉셀 나온 하닉으로",1
ㅋㅋ,1
8만이 다시 오기는 할까..ㅋ,1
내일 실망매물 쏟아지면서 개미 털고 갈 수 도있어요잉~ 염두해두셔!!👍🏻,1
올라가도 큰 기대가 안되는건 기분탓인가?,2
"4주일 떨어졌으면 1주일은 올라야 할거아냐
어? 안그래?",2
곧 4만삼전되겟누,1
주식은 소비자 보호원 없는지,1
야레야레,1
"컨센 낮게해주면 안됨?
왜케 기대가 커?",1
ㅋㅋㅋㅋㅋㅋㅋㅋ,1
"엔비 1주 산거 18퍼 먹었는데 
삼전 20주 산거 -4퍼 먹었네
고맙다",1
5만원매수대기,2
나는 오늘도 물을탄다 끝까지 가다보면 인당수가 나오던지 하겠지,1
4만원까지도 떨어질 가능성 있을듯,0
하나씩 줍,1
10연패는 아니겠지?..,1
여기서도 떨구면 넌 지인짜,1
해외 물린거 회복좀시켜줘 ~ 육만전자 ㄱㄱ,1
다시 오른다 아직몰라요,2
오후에 5000간다,2
삼전 가즈아,2
올라간다 삼성이다,2
입성~^^🥱,2
일단 구매하고 떨어지면 분할매수,2
너무 떡락하잖아!!,0
아이스아메한잔,1
오늘도 차트에 바느질 한땀 ㅎㅎ,1
와우,1
오늘장은 안사는게답이다 얼마까지 떨어질줄모름 이러다 이번주6만전자 갈수도,0
볼때마다 저점 갱신중이네 ㅋㅋ,0
한국 망했냐?,0
희망없다,1
출바알!!!,1
ㆍ,1
"인버스 사라고 알려줬잖아. 
국회의원 나으리께서 답 주셨는데 여기 있는 것들은 도대체 뭐냐",0
오늘드디어 외국인들 매수했네 이제 오르려나요,2
삼전 살빠엔 코인으로 넘어갈까,1
외인들 화낫내 ㅠㅠ,1
왜케 파는 거에요 ??,1
8만 ㄱ,1
사만전자때 다시올께요,1
줄때 소소하게 익절하고 갑니다...,2
이제부터 시작인가 ~고고,1
ㅇ?,1
어디까지 떨어져요?,1
ㅋ,1
ㅠ,1
힌트 줬다,1
장초에 떨어지다가 오를거같음! 물논 희망사항임 캬캬,1
"얼마까지보시나요
3년간 스트레스 한방이네요!!",1
1년후,1
가을맞이 감사제,1
"미장만 하다가 오랜만에 호가창 보는데
삼성 호가창 보면 답답함
매물이라고 하나요? 그게 엄청 쌓여있음
테슬라 이런애들은 안그런데",1
슬슬 올라가네,2
"네는 7층에 있는데 언제나 올 라
올려나 까마득 하구나  추매 한 100주 해버릴까",0
한주만 팔아보자,1
삼성이 5만대가 언제였더라?,1
"✅4월 1일(월) 

- 미국 3월 ISM 제조업지수
- 미국 3월 제조업 PMI
- 미국 2월 건설지출
- 중국 3월 차이신 제조업 PMI
- 블링컨 미 국무장관 유럽 방문(러-우 관련 논의)
- 홍콩, 프랑스, 독일, 영국 증시 휴장(Easter Monday)
- 한국, 2월 온라인 쇼핑동향
- YG엔터, 베이비몬스터 첫 미니앨범 발매
- MSFT, 코파일럿 for 시큐리티 출시(사이버보안 강화)
- MIT 보호예수 해제(0.10%)

팔로우 해주시면 경제력 상승 보장합니다",2
위로 갈려고 하는데 물귀신이 자꾸 아래로 잡아 땡기네ㅎㅎ,1
"반도체 소식이 좋으니
십만 가즈아~~",2
"이전단순반등 20선터치수준 이었던만큼
최소한 현재구간 20선터치 56000-57000은
도달할듯.
다음주 스토캐스틱 단순반등고점 70-90수준까진 오를듯.",2
머선129,1
그냥버려야하나ㅠ,1
"내일 57까지 말아올리장?

고생했다잉!",1
☕,1
분할로 접근,1
계속 떨어져야지 나중에 구매하지 더 떨어져라,1
타증권에 가지고 있는데 몇달만에 양전이냐ㅜㅠㅠ,2
"오너리스크, 자사주 매입, 기술로 먹고 사는 기업인데, 혁신은 없고 자금으로 어케든 땜빵할려다보니 주가가 오를 만한 이슈거리가 없지...
갤25 발표했어도 내부 부품은 전부 타기업꺼 넣었고 껍데기만 25모델..
참 답이없다..",1
미국에서 방사능 피해자분 보고 상해가 아니라 질병입니다 하면 기업 공중분해시켜요... 한국이라 이만큼 하는겁니다 정신차리세요,1
83층에 사람있어요,1
"코로나 동학개미운동 86층이 저인데요
존버해서 눈물이 앞을 가리는 현장입니다 
저 어찌하면 좋을까요 매도에 손가락이 ….",0
아…54300원에 사버렸다,1
100원 올랐따,1
아빠불러와,1
주가하락은 젠슨황탓이다. 삼성은 반도체 설계를 다시 해야 된다며? ㅋ,0
"빨리 가자  왜이래 및으로만가나
돌아버리 겠네  정말   선택한번
잘못하면   이럿게  맘고생하네
...",1
"오늘은 미장 조정 때문에 얻어 맞겠네
코스피 야간선물 또 파란불이네

미대선 끝나면 미장도 조정 나올 것 같은데
금투세 해결 안해주면 불확실성으로
연말까지 코스피 지수 2천 찍고
시행 확정되면 시원하게 천 찍으러
가겠네 ㅋㅋㅋ",0
ㅋㅋ ㅋㅋ 개-잡-주,1
어닝서프라이즈 나오기전에 오르다 발표후 떨어지는거 보면 미리 알사람들은 다 알았네 이러니 개미들이 털릴수바께..,2
몰러 삼전아 가자,2
마지막에 외인들 다 빼버리네 ㅋㅋ,1
개인이 다 받아내고있는건가요?,1
"어차피 종가는 66,000",1
"HBM3E
AVP i-cube
3나노 GAA",1
엔비디아 오른거랑 연관이 좀 있을까요?,1
젭알,1
안그래도 중국에 기술유출 자주되는 기업인데 이를 막아주긴 커녕 한다는게 국회증언법 ㅋㅋ 이건 뭐 대놓고 가져가라 이건데 ㅋㅋ,1
ㅇㅇㅇㅇ,1
"55층에 입 벌리고 대기중...
솔직히 팔릴 줄 몰랐네..ㅠ",1
21년도부터 지금까지 3년동안 물타기 하면서 안 팔고 계속 존버중인데.. +2%다ㅋㅋㅋㅋ 이래서 저점 매수가 중요한 걸 다시 느끼네요,0
언론에 호제나옴 무조건 팔으야함 악제뜰땐사고  항상 반대로 움직이야함 언론에 호재뜰때삼 이미늦음  항상 마이너스임 내보니 거의 그랫슴,2
결국 외국인 매도,0
"비트코인, 코스닥 인버스 들어갔으면 개추 ㅋㅋㅋ",0
"로얄층에서 신선한 공기 즐기고 계신가요? 
고층쪽 공기는 어떻게 다른가요? 
매일 기분이 상쾌해지나요?",1
결국 저항선 무너지고 4만전자 입성,2
아 일단 좀 쉬고...,1
타..탈출,0
어제도 그러더니 557 에서 겁나 매집 하네,0
"뻔한 바코드,,,",1
오늘 어떤유튜버가 양전한다고하던데 ㅋㅋㅋ 한번볼까요 ㅋㅋ,2
"어제 팔았는데....ㅠㅠ 
내가 팔면 올라가네!!!그래도!
계속 가자고~~~",2
"대만 지진으로 삼전의 파운드리

가치가 올라갈일만 남음

금요일 어닝 서프라이즈로

올라갈일만 남았쥬",2
내일 차라리 국장 열지마라,1
미국 주식 ㄱㄱ,1
실적 좋구만,1
음,1
미장의 저 깊은 골짜기를 보았느냐,1
오늘 참 징글징글하다.,1
"지금 사려는 분들 주목!!!

장마감할때 시초가 가니까 그때사세요",1
안녕하세요,1
7.1오겠죠?,1
헐.개인이 다 받았네.,1
8만원대오나요???,1
드디어 탈출각인가,0
물도 못타겠네,1
59에 사람있어요,1
줍줍,0
이걸  주워 담는  개인이 있네  훌러덩 내려가야하는데  .. 개인이 많이 주워 담네..ces 라스베가스에  황사장이 내논 피지컬로봇ai는 혁신적이지   ai황제 답다..  큰일이다..로봇이라고  내논것도  초보단계고  집사로봇보니  한숨이 나온다..,0
3만전자 가라,1
"55선에서도 매수할수있었네
ㅠㅠ",2
솔직히 코인보다 국장이 더 위험하면 개추,0
빨간날 보기가 참 힘드네요...ㅎㅎ;;,0
아직도 삼전에 머물고 있나요??? 어린양들이여.눈을 떠라!!!!!,2
오 버틴다고?,1
ㅋㅋㅋㅋㅋㅋ두달의 기다림,1
엔비 12프로 삼전 1프로 이게 국장인가,1
"외인들 줍다가 가격 높여서 팔여구하나..🥲
난 물타러 좀있다 올께",1
아 칩스법 과속화한다고해서 이렇구나,1
48000부터 째려봐라,1
왜 추매 기회를 안주니,1
"꽉잡으세요
4만전자 출발합니다",1
가자아아아ㅏ아아아아아아아아아아,2
오오전자 미쳤네잉…,1
"이래서 현재는 장투를 하면 수익보다가 오래두면
마이너스 오래전에 묵혀둔거 아니면 좋은주식은 중기로 스윙이딱",2
"새로운 뉴노멀인가

삼성 배당률 2.5%가 보통 시세였다고
배당 3%가깝거나 높으면 세일
2%에 가까워지면 고가라고 들었는데

조금씩 낮아지는건지

새롭게 사업하는게 있어서 성장주로보는건지
아직 모르겠네요",1
7만 올까요,1
"넘버원

ㅎㅎ

맛있어용?",1
오늘은 느낌 쎄하네..,1
구매 성공 가능성,2
정찰 단타,1
"욕심않부리고 72ㆍ2  가봅시다
야금야금 먹어버리기",1
엔비디아에 납품안해서 낙폭은 적지 않을까?,1
알면 내가산다고,1
월요일 으르렁~ 고점 가겠네요 ~으르렁^^,2
.,1
반등각,1
다시 내려갈거 같에,1
"팔았다 재진입하려했는데 
다시는 국장을 재단하지말고 그냥 예약 주문걸어두고 끄는게 맞는듯",1
"정치 이야기가 많길래 한번 제 생각을 써봤습니다...
나라가 힘들면 진보가 지지받고 포퓰리즘으로 나라가 무너져 다시 보수당이 집권하고..또 그 보수당의 뻘짓으로 다시 진보가 득세하고...그리스,이탈리아,베네수엘라 등 다른나라를 봐도 비슷하더라구요

나라를 위해 정말 필요한 정책이 다수의 양보와 손해가 예상된다면 표를 잃을지도 모를 이 정책을 추진할 국회의원이 얼마나 있을까요.

대중들은 국익을 위해 자신의 희생이 필요한 공약을 내세우는 후보와 당장 자기가 수혜받을 수 있는 공약을 내세우는 후보 중 누구에게 투표할까요

단순히 대중들의 표만 얻어 자기 자리 지키키 급급한 정치인들과 그런 혜택과 돈이 공짜인줄 아는 사람들을 보면 플라톤과 소크라테스가 말한 타락한 민주정, 중우정치의 말로가 생각나는 시국이네요...",2
이 시국에 빠져나가는거 보면 알건데 ㅉㅉ 기대치가 있으면 이렇게 안빼지.,1
기가 막히게 따라가네,1
HBM 테스트 통과 소식 들려오면 10만전자는 기본으로 넘을듯 !!삼전은 가장 저 평가된 종목중 하나임 !!,1
어제 미국 반도체 개박살나서 걱정했는데 이 정도면 선방이다ㅎㅎ,0
바코드인줄,1
장 시작이 이젠 무서울정도네..,1
중대재해 처벌법 가나?,1
슬슬 죽는다잉,1
평단 67900원!!,1
어디까지 떨어지냐.....,1
냄새맞고 다시왔습니다,1
지금 사야되나?,1
파업땜에 내일은 떨어질라나,0
4만원대온면 산다느거 취소할게요 3만원대 오면살게요,1
"외국인 매수가 690만주?
이거 언제 산거지???",2
와 59100이랑 59200 만 왕복하네 ;;;,1
지능이 낮다는 뜻이야 ㅉㅉ,1
쉿,1
힘겹게 올라간다....,2
"저번주가 3퍼 급하게 오르고
이번주 4퍼 급하게 내려서
그냥 보유 하신 분 들은 1-2퍼 정도 빠진 거 같거든요
8에서 7 로 바뀌어서
그렇지 다른동네에 비해서 양호한 편임
기다려봅시다 희망회로 돌리면서^^",2
역시나 외인 기관 단타;;,1
가즈아 제2탄imf,2
쌍고점 떴다 ㅋㅋ,2
진짜 sk하이닉스 ㅈ나 부럽네….,1
삼전은 배당금얼마주나요,1
ㅋ,1
54000원에 삿더니 ㅊ박고있네ㅋㅋ,1
ㅅ발;;;;그만좀해 ..하..밥맛도없네,0
애국매수해라 제발,2
오후에 차익실현 매도증가로 살짝 떨구면 들어가야지 예상이 딱 맞아 떨어지내ㅋㅋ,0
8만원 어서 뚫어라.어서.,1
"외인은 올려주면 땡큐지 
외인 : 꺼억 잘 먹고 갑니다",2
4만 드가자,2
상한가함가보자,2
다른종목들 오르락 내리락해도 삼전은 한결같네,1
미장박살인대 불안하군,0
답이없다,1
내일 떨어지면서 시작하면 바로 더 담아야지,1
주식은아무도모른다,1
..,1
참으로 한심한 주식이다,1
나스닥에 노조 이런데도 선방하는 삼성 놀리지말고 갈길가세요♡,1
오늘 고공행진 하겠네용~~,1
이 ㅁ신같은 주식,1
들어가면  안되요 ...,1
삼쪽아......ㅜㅜㅜㅜㅜ,1
왠만해선 손절 안치는데 답이 안보인다,0
6만을 못 벗어나네,1
기다리던 8만전자가 되었네요.,1
아직도 파란 불인사람 ✋️,1
코스피 올랏는데 좀더 쭉쭉 올라주면 안되나....,2
하닉 엄청빠지네,0
남의 불행은 삼성의행복인가 ..,1
"63층 ㅋㅋㅋ도대체가
평단을 내려야하나ㅉ
밉다미워",1
잘 버텼습니다,1
"적당히 떨어졌는데 오늘같은날 자사주 매입하면 되겠네요~~ 주가 방어도 되고, 주가 떨어졌으니 한주라도 더 살수있고, 배신하고 매도만 하는 외인들 속좀 쓰리게^^",0
@[지니틱스](A303030),1
단타 맛있다,1
"가자 단타용 떨어져라,,
59,000원  ㅋ ㅋ",2
삼쪽아!!! 힘내라 힘내라,1
이게 무슨 국민주냐 ㅋㅋ망하지만 않을뿐 다른거랑 같지,1
4만전자 간다 1표,2
하ㅋㅋ,1
"팔구나가세요  전망이  거이 없음
4만가면",1
"내일 기대된다
55000",1
삼전은 전설이다,1
떡락 열차 출발 했다 부릉부릉,0
1년 후 에 와야겠다,1
첩첩산중,1
내릴땐 4% 오늘땐 0.4%,1
괜찮을까요?,1
삼전 화이팅!,1
"와... 사만전자가오네
앞으로의 행방은?",1
외국놈 매수할때 개인 매도 안하먼 오를텐데 외반대로 가는가,1
"속보

마음이 안좋습니다",2
"30만원짜리 한주산거는 45만원됬는데 
7만원주고 산 100주는 5만원이 되었네 ㅜㅜ
반대로 했어야했는데…",1
^^,1
난 지금이 기회라고 본다. 가자~~~,2
잠시 안녕,1
4만 저지선이 아니고 5만4000원에서 무너짐..아마 3.7까지 가능할듯,1
손절해야되나 외국인들 매도물량 장난아니네,0
예상을 빗나가질 않네 ㅋㅋㅋㅋ,1
반도체가 범인이네..,1
네이놈,1
올라가자!!,2
차트 너무하네 이런 우하향도 힘든데…,0
"어 어 자꾸 오르네 기가 막히게 굿 타이밍 
어제가 살 타이밍이라고 했더니  나 까던 사람들 배아프겠다",2
"공매도 재개 청원 합시다.
2차전지 배아파요ㅎㅎ",0
애국 배팅,1
"재용이는 공부 했어야지
사업가 노노 ㅠ
아부지 안 닮았어
엄마 닮았는가베 ㅠㅠ",1
외인들의 보유량은 아직 많지만 내다 팔 수 있는 유동량은 별로 안남음 거기에 외인들이 8만원 7만원일때 던지는건 쉬운데 6만원대부터는 신중해지고 5만원대에는 던지기가 어려움 5만원대에 던져봤자 개인이랑 기관한테 싸게 주는것 밖에 안되기 때문임,1
네~ 3400원 벌으셧습니다ㅋ,1
오늘 왜이리 가격 빠지고 있나요?,0
외국인또던지죠?ㅋㅋ,1
업황실적이 개선되길 기대됩니다,1
ㅋㅋㅋ,1
"낼되면 외인 사긋지 
원래 좀늦어요 ㅋㅋ 외국어르신들
스미트피플 
가즈아 삼전 
지금이
바닥이다",1
나라가 망했다 증말,0
외국인 엄청 뺀거 같은데 0.1% 외인 나갔네 얼마나 갖고 있는겨 아직도 53%,1
아이고…,0
얘 왜 2배 레버리지 없음?,1
"76000 정도에 한 7억정도 사신분은

얼마가 마이너스 인거야 

삼전 오후가 더 무섭다",0
"1.이평선 수렴  거의했고
2.60/120  골든크로스만 남았다
3.하락추세 밖 전고돌파했다
4.곧있으면 상승 하다가 눌림나올텐데
전고점에서 눌림나올꺼다
그때 매수타이밍이다. 난 그때 풀매수간다",2
"꼬인말 하는사람들 다 내 악재 다 가져가게 해주시옵고, 제 몸안에 있는 악재 다 그들에게 뿌려지게 해주시옵소서~ 하느님 부처님 신이시여~!",0
오후에 날아가려나,2
얼음!!,1
참 그지같네,1
차트 5년으로 하고 보면 딱 M이 됩니다!!ㅋㅋㅎ,1
삼전 가즈아,2
와...어이없다...음전되겠다,1
5만원 이하 매수시작,2
"아직도 분노 하시는분들이 더 많네요
좀 더 기다려봐야겠어요",1
ㅋㅋㅋ,1
대학생 주린이는 국장 조아요,1
삼성 어쩌다 이렇게 됐냐,1
하.....기관 열받네...ㅠㅠ,1
장막판 3시 10분 ㅋ초극단타 성공,2
불타기,2
내년엔 더 바닥친다는 말도 있던데 ㅜㅜ 마이너스 17% 털어야하나 ㅜㅜ,0
❤️,1
"삼전 - 3%
테슬라 무지성 상승",2
4만원에 아거리 쩌어어억,1
초반장난질ㅋ,0
7.4만 구조대 언제오나요 ㅠ 춥네요,1
주식 3일전에 처음 시작했는데 이 판단이 맞는거겠죠..? 너무 무섭네요,1
뽀득뽀득,1
개지옥드가자~,1
아침부터 이상한 넘들이 설쳐대는 것을보니 엄청나게 오르겠군~!,1
하씨,1
삼성은 한 국가  예를들어 싱가포르같은 나라를 집어삼킬수있는 어마어마한기업인걸 기억하고 있어야  됩니다,1
"어제수익 반납하고 삼전 아웃 입니다 
다시 5만매수 걸어 놓으러 갑니다
이거뭐 삼전도 탈출이 지능순이 됐네,,,,",2
어여~,1
6만 중반까지는 고공행진!,1
오후에 오르겠지!!!,1
배당금냠냠,1
"오늘 종목 수집중  
주식은 이럴때하는거지~",1
우리 한 번 올라가보자^^,2
이야,1
"국민주 나도 샀다. ㅋ

떨어질때 마다 모아 갈께요.",0
"아까 12시 되믄 먼일 일어날것처럼 한사람들
다 어디갔쪄요
다 뻥이에요?",1
딴데서 난 손실 삼성에서 메꾸는 중..,0
❤️❤️우앙 !!,1
81000돌파 날아 보쟈!,2
유일한 마이너스 주식! ㅋㅋ,1
오늘도 외인은 판다 ㅋㅋㅋㅋ 미쳐버리겠네 그냥ㅋㅋㅋ,1
"10프로  내리고  1프로  오르네ㅡㅡ

탈출하기  힘드네~~

아ㅡㅡ",0
불나방들 많네..,1
올랐을때 팔걸!! ㅠ,1
85 기준으로 내려가면 분할매수고 올라가면 분할매도다,2
외국인 엑소더스중 ㅋㅋㅋ,1
오만까지오면들어간다끝까지기다려야지ㅎㅎ,2
헐 웬일?,1
감히 외인들이 국내1위기업의 지분을 차지하고 있다는걸 참을 수 없는 신재용의 정상화,1
이 집 오바로크 잘하네,1
실적이 예상치보다는 낮네요;;,1
혹시 이중인격?,1
드디어 탈출이다...,0
올해 마무리,1
82층 언제 오냐.... 팔고 애플로 넘어갈려고 했는데,0
오우 5만은 지키는거냐?!,1
세금이 더 비싸네 에혀,1
차트만보면 지리는 자리같은데 왜 사기가 싫지,1
까까 두봉지 ㅋㅋ,1
77000다시가쟝,1
"요즘 삼성 고위직 의사결정에
문제가 많은듯 ㅜㅠ
예전의 삼성으로 가즈아
기술개발의 초심으로
64K DRAM을 했던 초심으로",2
6만전자하믄 삼 ㅋㅋ,1
엔비 덕도 못봤는데 떨어질때 같이 떨어질라나?,0
잘한다잘한다잘한다,1
"과거의 삼성이 대단한거지

미래의 삼성은 현대에게도 밀릴거같어",1
테슬라 물타야되서 팔아버리기 ~,1
왜 사는거임 ㅎ,1
쌈송형 힘좀내봐,1
내일걱정되서 들어와봄 흑흑,1
재용이형 감옥좀가,1
잘버티네?,1
"노조 파업좀 열심히 해라 ㅋㅋㅋ
회사 운영 힘들어져야 생산 감원하고
백수 노조 되자 ㅋㅋㅋㅋ",1
삼전아 안녕,1
급락 하겠네요 내일,0
죄송하지만 오늘 불기둥 한번 보여주시면 안됄까요?,2
ㅇㅇ,1
얘는 왜 안오르는거임? 뭐가 문젠데 !!!!!!!,1
가치투자를 하세요!,1
집 나간 개미들 미장가서 고점에 물릴듯,2
팔고 봅니다 ㅆㄹㄱ 주식,0
59에 안착하면 다행이지,1
생각보다 안빠지네?,0
누구 놀리나 ㅋㅋ,1
장투가 답이다,0
안뚤린다 안뚤려...,1
누구냐 자꾸 6만 안착 못하게 자꾸 500원 밑으로 떨어리는 놈,1
88000이 저항선인가요?,1
난 안되겠다 글러먹었다 걍 주식하면 안될 손인가보다..,1
오늘시장이 꽤조용하다,1
줄 때 탈출해,0
당분간 56000원대 횡보할듯.. 그래도 밸런싱이 맞는듯,1
아무리 짖어도 삼성이야,1
"55층이 저점이엇나ㅋ
53층올줄알았는데",0
"저는 손절치고 나갔지만 다들 성투하시길바래요 흑흑

아랫분 말씀처럼 재능이 없긴한거같습니다😢

한마음 한뜻으로 모두 부자되시길 바래요!
삼전 떡상 가즈아~!📈📈📈📈📈",2
이거 외인들만 좋은일인데;;,2
물 타며 버틴다,1
오늘은74000원 까지만,1
4만전자가 멀지 않았다 하,1
오늘 73000오냐,1
이 와중에 외상 3.3배 가능... 토스야 얼마나 많은 사람들 한강으로 보내려고 그러냐...,1
"오늘은 57,400원에 매도 할거야
아님 배당때까지 기다림",0
오늘도 혼자 빌빌대는중,1
가자가자가자가자...가즈아,2
다시.내려 가는구나,1
뭐가 더 저점인가,0
국장이라..,1
"지금 세력들은 개미 태울려고 합니다

아직 바닥은 아닌걸로..",0
지긋지긋하네,1
떨어지면 다시 옵니다~!,1
"8만 보기만해도 감동이다 ..9만되면
눈물 나것네",1
5만 초반에 다시 진입해보겠습니다,1
3년 진짜 길었다...,1
오… 이건 사야된다,1
"기대장이라해도

삼전은 일보후퇴 무시못하니 수익보면서. ㅎ",2
외인이 들어온다,1
"사들이는 이유가 있을 거 아니에요
딱히 없고 걍 싸서 샀다고요? 돈 잃으세요..",2
너희는 살아라.. 내 무덤은 여기다,0
가즈아,2
"삼전에 묶인분들 안팔고 오래 보신다면 내후년에나 이익전환하실듯
저는 못참고 손절했지만 언젠가는 다시 돌아올겁니다. 삼성은 분명히 가치가 있고 방만한 경영도 어느정도 시정하려는 움직임이 보이고 자사주 매입하는 사장단들도 어느정도 책임지겠다는 의지로 보여지는게 제 견해입니다. 

이렇게 하나 하나 단추를 맞춰가는게 보여지는 기사들을 보면 내년에 신호탄이 쏘아 올라가지 않을까요? Hbm4에 대한 제 기대도 몹시 긍정적이다 라고 말씀드리겠습니다. 다만 고질적인 파운드리 수율과 만성적자, 아직 해결되지 않은 엔비디아 hbm3e는 지속적으로 주가의 영향을 주는 요소이기 때문에 이 문제가 조속히 해결되야만이 주가 반등의 신호탄이 될거라 생각합니다",1
박아요잇,1
오늘은 꽉들 붙잡고 있는거 알제? 광복절 기념 빔 쏟다,1
도대체 무슨 경우일까..,1
"시드있으면
물타고싶은데 없네ㅜ",1
63층에 사람있어요 더 올라가주세요,2
삼전은 8만원이 한계...올해안으로 9만을 볼수있을지?? 만 3년을 기다렸는데,0
이렇게 개인만 사는 것도 신기하네요 ㅎㅎ,1
"외인이랑 기관 빠지는거 보면
일부 털고 다시 들어갈 타이밍 보는듯 한데
흠…
얼마가 제일 적절하려나..",1
0프로 주차 해야겠지?,1
부자다,1
형님들 평단이 우찌되시나요,1
Asml 실적 발표가 2시인데 그이후 반도체 관련 종목들 다 하락중이네요,0
ᆢ,1
외국인 매번 종가에 사는 거 보면 그냥 종가 배팅 하는 거 같네요. 당분간 주식창 꺼야겠어요 힘들 내라고 말도 못하겠습니다. 손자까지 물려주실 거 아니면 정말 국장은 하면 안되겠네요. 주주 환원은 중국보다도 낮고 박스피는 십년은 기본이고 지금 주가가 어떻게 2019년 가격과 비슷한지도 이해가 안되네요. 메모리 하이닉스한테 주도권 뺏기고 파운드리는 소문만 무성하고 수주 찾아왔다는 소식은 전혀 들리지 않고. 삼전은 그냥 외국인과 기관들의 단타용 놀이터에 불과한 거 같네요. 이재용은 정말 마이너스의 손이 맞습니다. 메모리 가전 파운드리 가전 뭐 하나 1등 하고 혁신을 이끄는게 전혀 없네요.,2
세일할때 구매,1
와 한 1년전에 삼전 삿엇는데 얼마전에 86000웡까지 올라간거 몰라서 못팔앗는데 다시 내리 꽂네 ㅋㅋㅋ,2
너~~~~~~~~~~어~~~~~~~~~~~~,1
7만2천원까지 내려갈 듯 …..,1
개미승,1
호호 쭉쭉가자,2
쏘네요 오랜만이네요 타신분 좋겠다 전 내렸는데,1
내가팔면오른다 절대 팔지말자,2
올랴 갈거랑 믿오야디옹,1
삼전이 이모양인데 코스피는 올랐네?,2
삼전오늘부터 엑셀밟고 달려갑니다,2
오만전자,1
기즈앜ㅋㅋ 5개월 기다림,1
일류기업같은소리하네 ㅜ 존버를해도 별다를게없다,1
삼전이 이럴수 있다는게 놀랍네!,1
단타 칠거야~,1
형들 우리가 언제 기업 벨류보고 국장 했음??? 새삼스럽게 왜그래 그냥5만전자오면 풀매수하고 8만전자오면 뒤도돌아보지말고 팔어 8만전자 안올거같아? 여기 국장이야 벨류분석? 다 부질없어 삼성이야 형들 8만전자? 딱 일년본다.,2
"팔고나니까 귀신같이 오르네요..ㅋㅋㅋ
그래도 삼전에서 손해본거 애플로 넘어가서 70% 복구됐습니다. 힘들게 버티신 주주님들 이 상승세 타서 좋은 결과 있길 바라겠습니다.",2
진짜 흉악한놈이네,1
"언제 사뒀지...
지겨워서 걍 털고나간다",2
산 내가 병x이지,1
ㅋㅋㅋ,1
인플은 첨달아보네요. 많은 도움이 되셨길^^,1
🎭,1
"이번달 말 설연휴로 거래일도 줄어드는데

5.7은 꿈의 숫자겠네 ㅋㅋㅋ 호재없으면",2
찬양하는나라만들어둘이사던가. ^^^^^,2
"ㅋㅋㅋㅋㅋ망했다ㅋㅋㅋㅋㅋ
73500까지 왔네??
더 떨어지겠는데?",0
나갔다가 다시 들어올깡~~,1
삼성 Super Sale!!!!,1
난 1주 밖에 없지만 국장이건 미장이건  시총  높으면 방구석 애널리스트 개많네 ㅋㅋㅋㅋ,1
59000원에 다시 올려놔라..,1
"비행기 타고 가다가 보여서 잠깐 들렸습니다
클린스파크/마이크로스트레티지/로빈후드/코인베이스/테슬라/팔란티어 
처분하고 늦기 전에 오세요",1
"어디 화장품 회사라도
인수를",1
"아파트 전세 놓고 삼전 투자자 큰일이군
세입자 나간다면 보증금 내놔야하는데...
그래서 투자는 여윳돈.",1
가즈아!!!,2
가자가자삼전,2
"5만전자다
5만원에 추매",0
지금 호가창에서 가격 변하고있는건 뭔가요?,1
오예 오늘 매집 가즈아,2
매일1주씩 사는중,1
여윽시~,1
5만전자 오면 산다,1
"이제  삼전이  다시6만7만전자로 돌아오는구나~
괜히 쫄아서 손절했네  다들 익절합시다",1
"삼엽충 탈출하고 나스닥으로 옮겨갔는데...
조건매도 12프로에 올린게 팔리고 etf도 3프로 오름 요즘 나스닥이 떨어지는 추세지만 골이 깊어서 수익은 코스피보다 훨씬 큰듯 ㅋㅋ",0
배당락인거 상관잇는건가요...? 지금 반등이..,1
"범죄자 국개들이 판을치니
주식은 개판이 되는구나!",1
10만전자 도대체 언제가냐...,1
정찰병 참 고생이많아,1
ㅇㅈㄱ,1
할말이 없게  만드네요  ㅎㅎ,1
아직도 국장 그것도 삼전하는 흑우없제 ㅋㅋ,0
잘버티네,1
시원시원하게 오르자,1
감개무량합니다,1
인자 드가면 되나?,1
"다음 진입은 5만언 초에 해야지
올라도 좋고 떨어지면 줍고~",2
개잡주,0
87000 이네 보니,1
-21퍼 손해 금약 200만원 지금이라도 팔아야되나요 내일 팔릴까요,1
ㄷㄷ 매수타이밍이긴 허네,2
"어지럽게 디게 촐싹대네
팽 그자리면서..",1
"선대회장님 머라드노 재용아 
마누라 자식 빼고 다 바까라!",1
제발 6만원 보여줘,1
55가자 그냥,2
시간대비 효율이 너무 안좋아,2
삼성의 문제점 여기저기 귀동냥해도 경영진 문제라고 판단되네요... 이거 오래갈거 같은데요..  참나...,1
"음...한번 위로 튈것 같다는 긍정회로 돌려본다..
오늘 한번 튀어보자",1
이거어디까지올라가는거에요?,2
여긴 곡소리나네,0
머냐....사고나면 더 떨어지네..ㅡㅡ,0
개같이 반등해서 어제 가격이네 ㅋㅋㅋㅋㅋㅋㅋㅋㅋ,1
주린이ㅋㅋ처음으로 쩝쩝,1
주린인데 2년전 86층 존버 하고 있는데 얼마까지 기대해도 될까요,1
20주이상은 티비 한개씩 주는거 어떰?,1
물어나봅시다 미장 코인으로 돈복사 하고 있는데 왜 여기서 시멘트 날르세요?,1
"외인:   -359만주
기관:   +11만주
개인:   +341만주

오늘은 개인이 우주방어했네요

고생하셨습니다",1
재명세 위력이 대단하긴 하네,1
레전드 무빙,1
그래도 오늘 고점에 잘 탈출한듯,1
10만원 갈까요?,1
"현재로써 제약주  강세군요
곧 제약주 약세일때 반도체주 상승하겠네

단타 진입은ㄴㄴ
한없이 주식은 내리는거 없으니

곧 오릅니다.",2
"월요일
삼전도 인텔 영향이 있을듯합니다.
그렁 주말들 잘보내세요.
테슬라...  에휴.",0
은행 이자보다 많이 쳐주잖아?ㅋㅋㅋ 돈 벌거면 단타 쳐라 아니면 조용히 관망해~,1
십만전자 갑시다,2
또떨어지네,0
이제 6만 5천 가즈아~,2
소소한 수익 감사합니다,2
15 만 가즈아!!,2
"오늘 금투세 

어찌 되나보자 

금투세는 무조건 개미들 무덤 이다 

시행 하면 수직하락 ㅋㅋ",0
달달하게 먹고갑니다,2
오늘기점으로 몇 주내 상한가 6.5 이상 예상,2
"75,000원 안착해서. 내년 8만원으로. 고고씽 ~",1
배당금 몇일에 들어오나요?,1
이럴꺼면 상폐 해라 아 ㅋㅋㅋㅋㅋㅋ,1
ㅋㅋㅋㅋ,1
...ㅠㅠ 왜그렇죠?,1
"오늘 종가 61,500원 이라 말씀드렸습니다",1
또떨?,1
죽고싶다 ㄹㅇ 내손 내감 반대로하면되는것을 시이방,1
9에사서 3년뒤에 오겠읍니다..,1
회사 분위기릉 봐도 못 들어가겠다,1
얜 왜이래요.. 고구마.. 🍠,0
"오늘도 83,000원에 매도 걸어 두고 기다림~",0
"나스닥은 지금 연말랠리 중이던데
삼전은 힘이없네..",1
가즈아,2
올라가자,2
"포기하고삽니다
이제서 야 숨을쉽니다",1
뿌리가 깊으면  바람에ㅇ흔들리지 않아요  걱정 말아요 우리 모두 힘내요 화이팅  끝까지  가는 사람이 살아남아요  화이팅,1
"시간외는 55,200원인데 호가창에는 현재가(53,500원)부터 매도수 대기중인데 뭔가요?",0
넌 왜 떠 겨 내려오냐 허 이늠보소 파리에 잇는 선수단한테 기프트도햇담서 선행을 보고도 이러하단 말이냐...,1
57뚫었다,2
"평단 5만원대는 아직 든든 안심 그 자체일듯 ..








응 하루만 기다려 -",1
"거래량도 영 거시기하고

별로네 오늘",1
"소량 매도 떨어지면 추매
8만가면 반절매도",0
평단68.2정도인데 몇타치죠?,1
다시 올리는거 보니 개미털기네 오늘 삼전 vi 걸고 레전드 한번 찍자요.,0
다시 매수중,2
"멈춰!
    느
어     정
             도
                 높
                    이
                       까
                          지
                            내
                              려
                                가
                                   는
                                      거   요?
                                         에",1
"드디어 7만전자~~~
기다린다 8만전자 그날을~~",1
다팔아라 햄버거 삼성은애국자기업이다 외국안가는,0
승자는 안봐도 뻔하지만 조만간 판가름나겠지..,1
삼전은항상 안전자산이니 천천히가즈아,2
4만전자 납시오오오오오,1
"현재와 그리고미래 현재어려운건맞지만 주주들도 돈이지금필요한사람과  미래에필요한 사람은 기다려서수익을창출할수있을거같다 

다른나라도 마찬가지지만 회사는 현재에 머무를수없고 높은곳을향해 전진해야만해  혁신이되고  발전할수있는 회사가 된다  삼성도 힘든시기지나면 세계최고의 전자회사가될거라고  믿는다 연구진들과  그곳에서일하는 전자직원20만명이  피땀흘려성공할것이다",2
"오늘 종가에 던진다. 
8만 7만일때 안던진 나는 신이야 신!!!  ㅂㅅ!!!ㅜㅜ",0
아.... 넘 깊어져버렸넹 ㅜㅜ,1
고만돠네 살까말까 ㅎㅎ,1
"정말 미장이 답인듯 … 국장은 다 퍼랭이 인데 
미장은 거짐다 수익중…",2
"이정도면 올라왔을때 팔아치우는 사람들이 많아서
악순환예상되네요...
.
.
평단만와라 나도 그중하나",2
"3년묵은 장 분할매도
팔러가유~유유후~~~
니나노~~♪♬",0
".
.
.
.
.
.
.
.
있겠니? ㅋㅋㅋ",1
과연~~~~~,1
"주가는 얼마로 내려가려나
보유현금이 많고 구조조정 때리면 회사가 30년 동안 망하진 않겠다만
지금 주가 유지할 일은 없을 듯
그렇게 삼전도 역사 속으로 사라지겠지
참고로 그 오너님은 삼성물산 대주주이시기 때문에 삼성물산 배당금 받을 생각만 하시고 삼전은 머리속에 있지도 않다네요~",0
"내일부터 쏠거 같습니다
안전벨트 단단히 조여 메세요",1
이 기세 유지해서 69층 가봅시다.,1
내가 왜 국장을 했을까.... 미장에서 번돈 국장에서 다날리네.... 내손을 자르고싶네....,1
이익은 항상 옳다,1
음... 좀 더 사야겠네요,1
10조 어치 하는 줄 알았는데..,1
좋아,2
또 오르나 안오르나,1
지금 들어가야하나..,1
다시 8만전자 간다는 뜻입니다.,2
뭔일이지요??  초반강세인데. ...,1
체결되는거 보면 신기함 ㅋㅋ 몇만주씩 쭉쭉 나가네,2
보여줘 애국,1
9월 배당 일정 안나오네요,1
나라읽은사람에겐미래가업읍니다.,1
"애당초 최고의 주주 환원책은 기술개발이었음
10조로 연봉 100억짜리 두뇌 100명을 10년 뽑는게 더 현명했을듯
걍 언발에
오줌누기",2
낼 반등 살짝 후 다시 떨어질듯,0
그냥 화가 남,1
"내가 36000원까지 간다고 했는데
모두 비웃더니 결국 가는구나",2
삼전 3만원대 오면 어떻게 하실건가요?,1
"엔비 5%상승시 SK사는게 국룰이네,,,,
또 농성한다네,,,정시라간 것들,,,,반도체전쟁인데 뭐하자는건지,,,",2
어제 익절후 재진입,2
오늘 개미들이 익절하고 빠져나가야 오른다~,2
사지말고 기다리세요,1
울마나님 8만에 입장해 1년이상을 맘고생 했슈...비나이다  비나이다^^,1
다들 행벅하세요,1
아 8층 넘었을때 팔껄….뭔 9층을 보겠다고 …..,1
버거형들 열심히 주워담네,1
ㅎㅎ,1
"삼전아 그래도 네임이 있는데
힘내줘...^^
아직은 -8.6%",1
"건희형 있었다면 지금 임원 다 짤랏다.
어디 하닉한테 쳐발리냐?
역시 오너는 카리스마 폭군이 한국에 
적합하다.",1
오늘 겁나폭락할듯,0
어라랍스터 왜오르냐~,1
오늘 2퍼까지 기대되노,1
매일 매일 신 저가,1
"와 54000,55000원에산사람도 있었을텐데.. 이렇게하락을",0
맞으면서 버티는구간...,1
미웡…ㅠㅠ,1
생각보단 안오르네,2
돈은없지만 방금잘산듯,1
59에서 언제 벗어날래 ㅜ,1
뭐야 왜이래 무섭게,0
"귀신같이 55방어 하는거보면 드는생각 없음??
아직도 모르겠다면 풀매수 해라 ㅋㅋㅋ",2
추매 왜 했지,0
"달러 환율이 고공일땐 국장은 
가급적 피하게는 상책",1
어제 잘턴듯,1
추맨,1
"오늘 메인뉴스 등장 하겠네 5만전자5만전자

”벌써 4만전자? 충격 두주들 아오성“",1
줄먹,1
쫌  챙겨줘 봐요...   저기여???,1
배당금 주잖아 한잔해,1
개미들이 버텨주는거에 감사 해야할 듯...,1
-0.15% 에서 +01.5% 사이 마감 예측해 봅니다.,1
이번 골짜기가 얼마나 내려가려낭,1
더떨어지겠네.....,1
Hbm찌라시가 사실ㅋ,1
6자 넘기가 넘 힘드네....ㅠㅠ,0
미국이 8조보조금 주는데 주가는 왜이래?,0
"# 삼전목표 25% 상향조정
월요일날 반등할까요",0
1프로 올리는게 이렇게나 힘드니 ㅋㅋㅋ,1
오늘 76에 올려놓고 마감!,1
아~~~~우~~~,1
탈출 해ㅛ어요,0
지금이니~~~팔자~~~~,1
떡상 기원 5일 차 🙏,2
8만전자 여력보소,1
"아직 올라가면 안대는데.. 금요일에 돈들어온단말이야 
4만 9천때 더살걸...",2
왜저래요 진짜 ㅋㅋ,1
올라아,2
희망이 없는듯,1
잘 좀 해라!!,1
삼성아 너는 정말 이대로 가라앉을레,1
지렁이 기어가네 ㅎ,1
사라 이제 살때다,1
장투나발이고!!!,0
삼전최고,2
55500원 지지 강력하네,1
"반도체는 대중무역 러시아 시장이 열려야 한다
천치바보 윤무식이 갔으니 삼성 오를 시점이 다가온다..",1
7층에 사람있어요 ㅠㅠ,1
에라이,1
찐반등인가,1
"혹시 여러분은 수익화 후 조정오면 다시 진입
아니면 그냥 조정와도 갯수늘리기 어디에 초점을 두시나요.?

익절 후 재진입시 수량은 더 많어질 수도 적어질 수도..",2
버거형 온다,1
8만가즈아,2
"주식 전부 10프로씩 빠지면 우짜라고 ㅠ 
-4000넘었다 ㅠ",1
내가 안팔았는데 오르네,2
ㅠㅠ,1
와 ㅋㅋㅋ 진짜 4만전자간다,2
걍 미국으로 갑니다 여러분 고생하세요 ㅜㅜ,2
"1000원오르고 다음날 1500원 빠지고..
500백원오르고 다음날 800원 빠지고..
이거 0에 수렴하는거 아녀?
미티네 진짜ㅠㅠ",1
하이닉스하고 변동 폭의 차이가 많이 나는군요. 따라가질 못하네요.,1
4만전자 가즈앗,1
오늘 오후장에 크게 오를거같다.,1
걍 버립니다 이게 답임 ㅅㄱ,1
배당받고 날아보자💪,2
말 했 재 ~,1
8만전자 ㄷㄷ,1
하루2주씩 일주일10주씩 차곡차곡 모아간다..,2
"왜 갑자기 떨어졌나요 이유가 있나요

그냥 삼전이여서 그렇다는 말 말구요",1
곡소리 나는거보니 이제 오르려나,0
"안사도 그만이다 

49000원 위로는 이 뿌없는 개잡주 살 마음 1도 없다 

차라리 몇주 못사는 한이 있더라도 미장 가서 TSMC(ADR) 산다",0
걍 팔았어야 하는데 하,1
"삼전아, 명성에 걸맞는 모습을 더더더 보여줘
형아,점심 좀 때릴게~♡",1
장난질 보소,0
살아생전에 탈출못할것 같아요 자식에게어케. 물려주나요?,0
7만가주라 ㅠㅠㅠ,1
ㅠㅠ,1
4만와바 올인가게,2
5만원때까지 떨어진다,1
7만까지 버텨!,1
잽으로 대응,1
6.5층쯤은 어떨까요?,1
큐티재용 믿고있었다구,1
40.000전자간다,2
오너일가 주담대 받아야되서 자사주 매입 ㅋㅋㅋㅋㅋㅋㅋㅋㅋㅋ 역시 그런거였군,1
그만 올려라,1
금리동결했네,1
대 황 전 자 ! ! !,1
아니 이건 하루는 기관이 사고 외인 팔고 하루는 외인사고 기관팔고 뭔지-랄들이냐,0
뽕짝이구나 어디까지 가는거냐,1
좋네 더 안내리겠다는 의지,2
내일 삼전 다시 4만전자 찍을 가능성,1
지금까지 마음고생 심하게 했는데.  9만전자까지 힘을모아. 큰 결실을 얻어으면 좋겠네요~ 가정에 큰 보탬이 되길 빌어봅니다.,1
오늘 잘올라가네..ㅋㅋㅋ,2
넘질못함.,1
외인또 털었다ㅋㅋ,1
ㄷㄷ,1
월요일 30퍼 상한가 치나요?,2
이게 좋은 선택이었다고?,2
정찰병,1
8주 정찰병 투입,1
니네가 인간이면 자사주 소각좀해라,1
"이런저런 테마주, 특징주하다보니 매번 신경쓰이고 배당금도 없고해서 삼성진입하고자 하는데.. 지금 괜찮을까요?",1
7.2뚫고 올라가보자~,2
"뭐 삼성 실적이 어쩌구 전망이 어쩌구?
국장에서 그런거 따집니까? ㅋㅋㅋㅋㅋ
어차피 외인들 놀이터 돈놓고 돈먹기 도박장인데ㅈ",1
이걸 찍어서 올리는데 다시내려오네 ㅆ,1
이야 오르긴 했네 ㅋㅋㅋㅋㅋㅋㅋㅋㅋㅋㅋㅋㅋㅋㅋㅋㅋㅋㅋㅋㅋㅋㅋㅋㅋㅋㅋㅋㅋㅋㅋㅋㅋㅋ,1
따라파는사람이더문제요,1
결국 여기까지 왔네,1
결국 공기 안좋은 지하세계로 들어가셨군  윗공기 좋은디  굳이 땅속  지하로~,2
"악재 다 쏟아내고 제이피모간 다 팔았다
이제 억지로 떨구는 세력 없다",0
"실망이 큰 하루
77087 / 8주",1
앞자리 4보겠는데,1
개미털려고. 외인들 엄청애쓴다,1
제발 좀 가보자,2
퉷,1
레스기릿 ~,1
삼전 69 깨지면 매수하겠습니다. 그런데 안깨지면 더 좋아요. 지금 계좌 3개에 평단 다 다른 삼전이 있음…,2
낼 상치나요,1
간다간다 76만가. 알간,2
다들 눈 시퍼렇게 뜨고 관람중 ㅋㅋ,1
넘빠진다,0
"너무 찔끔찔끔 가네
이렇게 가다보면 올해안에 6만 7만도 가려나?",1
팔만 깨버려!!!,1
회사를 지켜줘 재용이형!,1
물타기해야하는데… 올라버리눼,2
주식 종토방이 아니라 정치 커뮤네요,1
"71억 있으면 영주권 구매할바에 영국으로 가서 이민자로 살거나 총기불법이라 가장 안전한 한국이나 일본에서 살지 누가 미국에서 살고싶어하냐 조금만 서로 사이나빠지면 총에 맞을지도 모르는 나라에.... 데헷~★ . 

미국은 총기불법화 되기전 까진 살기좋은나라 1위는 절대 불가능하다고",2
안 살것 같으면 개추ㅋㅋ 일단나부터,1
사실 미장 많이들 하시는데 미장 신규 투자 예정인 분들은 달러 약세일때 투자하시고 강달러 일때는 안하시는게 맞음 금리인하가 그 시점이 되겠네요,1
"빅쇼트가 도래했누..
그래도 아직까진 푸근…",2
추매각주자,0
주가하락은 계속 이어지는군요.,0
"고점 찍고 떨어지기 시작한 올해 여름 이후 자사주 매입과 우주의 기운이 모인 오늘까지.
이놈의 차트는 오르는 것을 거의 본 적 없다.

이제 미국의 금리발표를 하루 앞 둔 오늘.
바람과 매서운 추위가 내 패딩을 때린다.

폭풍전야.

커뮤니티에서 삼전을 비웃던, 지금도 비웃는 이들에게 반박글을 달지 않았다.
니들이 허접한지, 우리가 허접한지는 결과가 말해줄 것이다.",2
동학개미운동 가즈아,2
오늘 언팩이라 기대했는데..,1
저도 삼전 빨강 보고시퍼요,1
코스피도 오르고 하이닉스도 오르고 하는데 이렇게 상승이 안되는건 확실히 삼전이 참 어려운 상황이긴 한거 같네요 제발 이 위기를 잘 넘겨주었으면 좋겠네요!,2
허허,1
오늘,1
"코스피 지수가 너무 않좋은데...?
오늘도 장마감까지 지켜봐야함..",2
와 8만전자,1
개미에게 국장은 뭐다?,1
마지막에 떨구는거 킹받네,1
"얏호!! 드디어 태식이 왔구나....
1차로 좀 사들였다",1
"삼전아~정신차려  떡상해야
지?? 나꾸내려가면어떻게???",2
더 떨어져봐~~~ 0원되면 그만이야,1
국또속..,1
ㄱㅇㄱ,1
개미동굴 ㅠㅠㅠㅠㅠ,1
정신차려라,1
하루 500원씩만 오르자~~,1
아직 다 못샀단 말이야 ㅠㅠㅠ,1
와 이게ㅡ안올라간다고?,2
뻔해,1
"2024년 8월, 한국의 수출은 전년 동기 대비 11.4% 증가한 579억 달러를 기록하며 역대 8월 중 최대 실적을 달성했습니다. 이로써 한국은 11개월 연속 ‘수출 플러스’ 흐름을 이어갔고, 

지난해 10월부터 시작된 수출 증가세가 꾸준히 유지되었습니다. 이번 성과는 반도체를 비롯한 주요 품목들의 수출 증가와 함께 대중국 수출 호조가 큰 기여를 했습니다.  

8월 반도체 수출액은 119억 달러로, 전년 동기 대비 38.8% 증가하며 10개월 연속 상승세를 이어갔습니다. 

반도체 수출은 그동안 월별 실적이 역대 2위 수준에 머물렀으나, 8월에는 처음으로 1위를 기록하며 큰 성장을 보였습니다. 

반도체 수출 중에서도 고대역폭 메모리(HBM)와 같은 메모리 반도체의 성과가 두드러졌습니다. 메모리 반도체 수출은 73억 달러로, 전년 동기 대비 무려 72% 증가하며 한국 전체 수출을 견인했습니다.  

인공지능(AI) 기술의 급격한 성장과 새로운 스마트폰 출시로 인해 IT 전방 산업 수요가 크게 증가하면서, 컴퓨터와 무선통신기기의 수출 실적도 크게 늘었습니다. 

컴퓨터 수출(SSD)은 14억 8,000만 달러로 전년 대비 183.2% 급증하며, 유일하게 세 자릿수 증가율을 기록했습니다. 무선통신기기 수출 역시 50.4% 증가해 18억 1,000만 달러에 달했습니다   

그러나 전기차 시장의 일시적 수요 정체(캐즘, Chasm) 현상으로 인해 자동차 수출은 소폭 감소했습니다. 

그럼에도 불구하고 자동차는 여전히 50억 달러를 넘는 수출 실적을 기록하며 한국 수출을 대표하는 효자 품목으로 자리매김하고 있습니다  

8월 대중국 수출은 6개월 연속 100억 달러를 넘겼으며, 2개월 연속으로 미국을 제치고 한국의 최대 수출국 자리를 유지했습니다. 
중국 경제가 다시 회복되고 있다는 신호로도 해석될 수 있습니다.",2
"삼전 KB 리서치
아직도 투자 위치 발 부근 레전드 ㅋㅋㅋㅋㅋㅋㅋㅋㅋㅋㅋㅋㅋㅋㅋㅋㅋㅋㅋ",1
대 삼성,1
배당 언제 주는지 아시는 주주님 안계세요?,1
손해 절반으로 줄었을때 팔걸...,1
주식고?수,1
젠장 10년을 퇴행하려나 ㅠㅠ,0
조금 더 샀어요~,1
야호 드디어 수익구간,2
열심히 사줄거늬?,1
오늘 외인이 왜케 사가지?,1
ㅎㅎ가즈아,2
진작넣었으면... 삼성 볼때마다 3년전의 내가 후회됨,1
떡상임?,2
알상무가 맞았다..,1
83층까지 올라올것야,2
인간적으로 56000은 지키자..,1
과연 유지를할수 있으료나,1
갑자기 떨어지는 이유가 뭘까요?,1
"최소 43,000 찍을 예정.",1
"개인 기관의 평정심
외인들이 벼르고있구만 ㅋ",1
계속올라가줘라,2
재밌능겨,1
120일선 스무스하게 넘어주려나....,1
내가 뭐랬노...초장에 떨어진다 했잔아.... 54000갈끼다 아마..  월요일도 호재없으면  외인들 주워먹었던거  다 토해 낼끼다.,2
얼마까지 떨어질까요???,0
그래가는거야,1
아몰라 그냥 사,1
gos사태 이후로 시장은 이미 충분히 기다려줬다. 근데 아무것도 안하고 있었으니 이렇게 된건데 ㅠㅠ 슬슬 누가 나서서 쇄신할 때 되지 않았니. 아직도 안하는거면 심각한데,1
올라가겠지 ㅜㅜ,2
언제  매입하는데요,1
나 평단 72500원임 ㅎㅎ..,1
반대매매 나오면 4만눈앞 ㅠㅠㅠ,1
"삼  만원대가 올거같냐? 머저리들아?
성  질부린다고 내려갈거같냐 ?
전  군!!!! ̆̈ 매수에 진격하라!
자  이제 누가 승리자지?",2
와........,1
7만  넘으면 탈출할려고  했었는데 못하겠네요 ㅎㅎ,0
"지금사도 됩니까들??
너무 욕심나는데욤.욤",1
국장에 실적이 무슨소용,1
7층까지 내려오묜 올인해봐야징,2
"선생님들

롯데 우승이 어렵습니까
삼성 육만이 어렵습니까",1
머하냐?,1
더떨어져라 주워먹게,1
"쌉소리들 많아진 거 보니
오르겠군",1
2~3월중에 오릅니다,1
지금이 추매 타이밍인가요,0
어우…ㅌㅌ,1
아니 이게 무슨일이야 갑자기!!!!,1
오전은 나락장인가 ㅋㅋㅋㅋ,0
진짜 4만전자 되는건가 ㅜㅜ,1
어라 내가 알던 삼성은 이게 아닌데,1
"그나마 리플로 국장 망한거 싹악 만회했다..
1000프로 수익 도전해본다 ㅎㅎ
삼전은 샤프뒤를 따라감이 눈에 훤하다.",1
오늘 종가 59400,1
"나 
    만
         아
               니
                     면
                              


                                     돼!!!!!!
니들은 나락가쇼잉~",0
"50원은 뭡니까?

토스호과에는없는데",1
이 개 잡 주  단타용임  시초 72900 시작  종가 71000원,1
개미들 몰려있는거 보니 곧 떨어지겠네 ㅋㅋㅋㅋ,1
"반도체는 사이클이래요..
물 들어올 때
노 저어야지용~",1
"6만전자 안착^^
자 이제 7만전자 가자~~",2
삼전은지금내부적문제가많은가?,1
샘숭🤑 못팔겠지~못사겠지~,1
답이없다 ㅠ,1
"자사주 매입한다는게 산다는게아니고

저점떨어질때 매수한다는거야

바보들 많네 ㅋㅋ",0
너무 오르는데 장끝나고 뭐 있나,1
"외인팔고있으니 자사주취득팀 움직여라
빨랑",0
"이게 진짜 공포지
이때 매수 하실분  찐이다",2
3조는 내년2월까지이고 그때 되면 또 5~6월까지라면서 3조대 소각한다고 공시뜰꺼에요 그렇게 총 1년 동안 10조 정도 소각한다는 겁니다.,1
"보라야 주식 원, 투데이 할 거 아니잖아! 
일희일비 하지 말자.!
뱅크 오브 삼전 힘내! 내 노후를 부탁해~

PS... ...
그리고 
보라야~ 새쇼에 김포 포레그 고생했다 토닥 토닥",1
삼성아 3달뒤 밥 한끼 사라,1
국장은 쳐다도 안보는데 곡소리가 미비하게 들리는것같네요 사운드 빵빵해지면 진입해보겠습니다 주주님들 화이팅,0
우찌할라고 이렇게 떨어지는거지,1
ㅋㅋㅋㅋㅋ 술과  계집을 대령하라!,1
"미장,국장,비트 다쳐물렸는데
원래 투자자의 길이 이런가요",0
네? 4만원이요? 55000원이요? 전쟁이요?,1
어이쿠 ㅋㅋ 65에 싸다고 막삿더니 ㅋㅋ,1
8만선 지켜다오,1
"외국인 소진율이 50% 라는 뜻이 전체 주식 발행 수의 반을 외국인이 갖고 있다는게 아니라, 외국인이 가질 수 있는 주식 수 중에서 반을 갖고 있다는거 아님?",1
기관이 사네?,1
.,1
코로나 또 터졌습니다. ㄷㄷ,1
저번때 데인게 너무 크다 ㅠ,1
사람 약올리나 ㅡㅡ,1
"저는 분명히 어제 절대 팔지 마시고
단단히 붙들고 있으시라고 전해드렸습니다",1
2022.09.19~,1
곧 가겠네,2
그냥 사서 모으는게 답,1
삼전으로단타연습하기,1
존버나 해야지..하나씩 모으면서,1
기관들 초반에 조금 사더니 단타치고 빠지네,0
힘을 못쓰고 주저앉내요,1
화이팅!,1
삼성이 망하는 그날까지. 화이팅!!!,1
강제장투ㅠㅠㅠ,0
"일단 지지선 터치 후 반등 중.
전저점에 손절잡고 진입해도 손익비 나쁘지 않아보임.
연말까지 박스권 형성하면서 지지받는지 봐야할듯",0
안쓰럽다,1
66000대 대기,1
그러게 기회줄때 탈출했어야죠;;,1
"조선주 타이틀이 좀 대단하긴하네
개인적으로 갤럭시 이번에 서클투서치, 화면 번역
이미지 편집 엄청 잘쓰고있는데

디자인도 기본, 플러스 모델 아이폰 닮아서 이쁘고
나같이 디자인보단 성능 우선시하는 부류들은 울트라 쓰면되고

퀵쉐어도 연동 너무잘되고 빨라서 잘쓰고있고
흠..",1
기적의 선반영 당했나 여기도,1
오늘은 폭락해서 바느질 중이네...,0
5프로....ㅠㅠ 눈물나네..,1
골든 타임 자난건가.. 삼전이 흥해야 나라가 흥하는데.. 흑,1
오늘진짜 신호등 파티ㅋㅋㅋ 가지가지하네,1
제발 인간들아 분할 매수좀 해라 나처럼 돈 다 잃지말고,2
.,1
아직 참고 기다려야하죠?,1
슬슬 물 탈때가 됐나보다! 가즈아잇!,2
나중에 다시 올게 삼전아🥲,1
형들 단타 하려면 이더리움을 들어가 지금 세일이야 ㅋㅋㅋㅋ,1
오늘은 좀 오를려나;;;,1
삼전스~장난 똥때리심?,1
어허 ..고꾸라지네,1
삼성가라 사라. 사라,1
쮝이네~~~~^^♡,1
미쳤네 진짜,1
"태슬라 424달러 후덜덜
넌 모냐???",1
정말 x같네,1
왜 못뚫는거냐,1
외국인도 보고 웃을듯ㅋㅋㅋ,1
3만전자 얘기 했던 맹구 어디감!,1
"오랬동안 기다렸다가 빨간불이길래 정리했는데
이정도면 다시 들어가도 될거같네요.",1
오늘보합,1
갤럭시s25 잘 팔려서 사봄 ㅋ,1
국장 개판이내,1
이게 뭐냐 진짜….,1
오~ 구조대 왔다!!!! 여기에요!!!! 여기!!!!,2
삼전,1
이제 120선도 깨졌는데 무슨선을 보는건가요?,1
가야겠죠? 손털고....ㅠㅠ,1
천하제일 개잡주가 되어 가는구나..,0
충격하락장 딱! 와 가지고 패닉셀로 45000까지 떨어지면 그때 매수 해야겠다 ~ 딱 보니 멀지 않았네...~~,0
"와~ 진짜
외인,기관 사방이 
적이노 미운털  제대루넹..
뭐가 문제인지...
이재용씨 심각합니당 😢",1
"나 평단이라고 ㅋ55700
왜 자꾸 여기서 놀아!!! 올라가라",2
무야호,1
이야 시장흐름에 관계없이 일관성없게 떨어지는게 잡주중에 잡주 다됐구나 우리 삼전이,0
오늘 8.6까지 가능성 본다,1
가자 삼전 영차영차,2
이제가는거야,1
전고점에내린다..,2
역시 삼성이네 ㅋㅋ,1
기득권 삼전  ㅡ 우리 노동자들이 혼쭐내주자 파업성공해라💙💙💙💙,2
소소하게 사봄 그냥 확떨어져라 평단 확 낮춰버리게,1
인생역전의 기회,2
9시 부터 장 열리는거 아님?,1
ㄷㄷㄷ,1
승리의 삼전,2
"전고점 뚫고 계속 가자!!
안그럼 5초~5중반에서 아가뤼 쭤억~님들 등장한다..예외는 있어야지",2
있는돈 다 곱버스 넣야 하는거 아닌가요?,0
"기회줄때 파세요
구조대올때 손잡고 나가세요",2
어제 4프로 폭등한 만큼 1~2 떨어지면 삼전이 건기ㅣㅇ해지는 단순 조정장이고 오르면 어제 상승 이어가는거라좋음,2
엔비디아 기사 뜨고 바로 하이닉스 내러가고 삼전 오르누 ㅋㅋㅋ,1
파격세일중인가봅니다^^,1
아니 유지도 못하니,1
삼성은 왜 숏이 없을까 만약있었으면 전재산 박고싶네,1
10만전자 가즈아~~~,2
춥다. 자판기 커피 한잔 해야겠다.,1
오늘은 나가자~,2
3만까지 내려오면 전재산 박을게,1
오늘은 올라가는척도 안하네ㅋㅋㅋㅋㅋㅋㅋㅋㅋ,2
"회사에 도둑놈들 밖에 없어요.
여긴 끝났습니다.
경쟁력은 다 하이닉스로 옮겨갔어요",1
과매도면매수하려했는데 아니군,1
"얘 이제  올라갈까요? 좀 사도 되려나?
조언좀 부탁합니다~",2
오 드디어 빨간불이 들어오다니 !!!!,2
뭐쫌 좋은소식없나?,2
재드레곤형아 올라와줘🥵,2
오후 다시 오를것갈아..안팔고 지켜보는중,0
"삼전퀼테스트승인됏나요
엔비댜 납품도 거의다와가는느낌인데",1
5만전자 확정 ㄷㄷ,1
삼성 이제시작이다,1
지금은 매도못하나용..? 국장은 첨이라 죄송합니다!!!!!,0
"너무한거 아냐?
10조 그냥 한방에 다 태워라!!!",1
"앗싸~  드뎌79깻네요   햐~ 3년세월 존버 힘들었어요
하지만 79로 안주하지맙시다  
오늘보다 나은 내일을 위해. 8만 가주아~화이팅",1
다시 가는듯,1
망해자빠져라 재용이개색키는 주주 알기를 손톱에 때만큼도 생각안함,1
냠냠,1
터트릴듯,1
고고,1
실적은 선반영,1
어제 tsmc 삼성은  좋은 파트너다  그들의 기술은 놀라웠다라고 말하느느거보고  황사장한테 충성하기로 함,2
어제는 장난하더니 오늘은 착하네~ 와~~~,1
이게 또 짜증나게 하네,1
만세,1
아주 지x하고있다~ 그냥 수선집이나해라. 재봉질잡주 ㅜㅜ,0
가즈아ㅏㅏㅏ,2
"우리나라 부자나라 그리 던저대는것을 다받아주다니 
개미만세 다같이 던져도 그것을 받쳐주는 개미들이 잇도다",1
똥을 싸는 국장,1
"아직임?
사만전자되면 알려주세요",1
낼은 오른듯,1
7만 가기 진짜 힘드네,0
외인은 오늘도 열심히 매도하네 ㅜ,0
국장은 진짜 답 없네,1
본전에서 뺄거면 주식 왜하는거지,1
향후 한국의 선도기업은 어디가 될거라고 생각하시나요?,1
엘지보다 더한놈들,1
아니 일어나 장열리면 ㅈ댓어 형들,1
ㅜ,1
1억만담구까,1
1 승만….,1
지금부터 사야해,1
아이쒸 쌤썽 이제라도 사야하노? 드가 말아 하...,1
"팁 하나 더 준다…
지금 물려서 물타기 하는 놈들은 돈 버리는거다
당장 버리고 그 돈으로 저녁부터 미국주식이나 해라..",1
코인 폭락; 뭔일이죠?,0
물타기 가보자 쭉쭉 올라라,2
가자,2
ㅎㅎ 가봅시다,1
넘 늦게 들어왔네ㅜㅜ,1
ㅠㅠ 나울어 개물렷,1
"지금 싸보인다고 들어가면 크게 잃습니다ㄷㄷ

12~15조에서 8조 정도로 다들 내리던데

지금 5만원대 주가는 실적발표가 기대가 여전히 반영돼있음

이번주 실적발표때 4만 전자갈거로 예상됨",1
애국심을 이용해 자신들의 이익을 챙기는 세력을 조심해야 함,1
삼전 혼자 하방압력 실화?,1
어제도 끝장에 외국인들 900백이나 팔고 튐!,0
외인 미친듯이 파네;;;,2
대 삼전! 삼전세카이!!!!,1
나라망함? 다빠지네?,0
내일모레 망할 회사처럼 떨어지네,0
왤케꼬라박는거에요?,1
"ㅋㅋㅋ 지금 팔면, 더올라갈것 같아서 안판다 3년동안 존버했는데 몇달을 못버티리?ㅋㅋㅋㅋㅋ 8만가면 바로 판다",1
화이팅,1
"웹캐스팅이라..
낼 10시부터 잼나긋네..
설명자료도 배포하고...ㅎ
주가 요동도 칠테고...",1
버티셔요.,1
"저가
5만전자^^",1
천천히올라가도좋으니까 그냥 평생올라라...,2
에라이 개미들이 팔고 있네요  헐 기다리면 올라갈텐데 ㅠ,1
평단가 58265/ 397주 매집중...,0
"7만원 매수자는 8만개미를 무시했으며
6만원 매수자는 7만개미를 업신여기며
5만원 매수자는 6만개미를 비웃었었다

???: 자 이제 누가 흑우지?",1
"79200원 뭔데 못뚫어
뚫어 뻥~!!!!!",1
"8만이  이렇게  어렵나~~

에고 ㅡㅡ",1
내일 5만7천800원 예상,1
기즈아,1
나두 4만 기다러보자,1
"오늘도 줄먹 분할매도 하고 갑니다.
2월 삼전 수익 85",2
4.5에 재진입 대기중,1
87넘기자~~,1
"삼전은 진짜 덩치값 못한다.
싹슬 봐라..짜증난다 삼전",1
제발 6만,1
차라리 인텔이 나을지도,1
추매가즈아,1
이제 코스피 숏이 롱입니다,1
괜히 다 팔았나? ㅋㅋ,1
안 떨어져서 감사합니다...라고 해야 하나ㅜ ㅠ,1
"미국놈들 이스라엘 놈들 진짜
악의축 이네 ㅋ",1
외인 오늘도 판다.,1
"오늘 매수하기 좋은날인가요?
근데 시드가 없넹 ㅜㅜ",2
"드디어 8만 
9만도 멀지 않았다",1
여기서 삼성 망하라고 고사 지내는 사람들 나중에 진짜 4만전자 되면 내가 4만전자 간다 했지 그랬지 하면서 일침 놓을 거 생각하면,2
천천히올라가보자,2
"오늘 커피값,담배값 챙기고,,ㅎ",1
와,1
카악퉷,1
여기가. 네 자리가  아니란다. 더 높이 올라라  삼성아~~,2
"얼마전에 4만원이 적정가라 썼을때 욕을 그렇게 하던데 난 지금 외국인 파는 거 보고도 평단 낮추겠다고 무지성 매수들어가는 개미들 진짜 이해가 안된다 좋은거 냅두고 알던가격보다 싸다고 들어가는거 무슨 지능일까 진짜? 세상 살기 힘들겠다
안타까워 그냥",2
"최후의 방어선은 발바닥 피부
3만전자  
이마저 무너지면 탈출",0
후퇴!!,0
다들 빨간불인데 힘드넹 ...,2
ㅋㅋㅋㅋㅋㅋㅋㅋㅋㅋㅋㅋㅋㅋㅋㅋㅋㅋㅋ 64000이랑 64100 둘이만 왔다갔다하네 ㅋㅋ,2
"중국이 갑자기 ddr5만들고
같은 삼성은 신제품플래그십에다가 스냅에 마이크론메모리넣고 tsmc에다가 생산요청하고 거절당하질않나 엔비디아 가짜뉴스 터지고 딥시크는 오픈ai에서 정보추출해서 썼다지만 저사양칩으로 어느정도 성능을 낼수있지않을까하는 물음표 날리고가고 진짜 잘된다고 하는게 안보이네요",2
"천천히 뒀다가 한 10퍼오르면 먹고 빠질예정

평단 60500원입니다.
조만간 올라가면 66600원 팔 예정

근데 지지부진 시간끌고 못가면
기회비용때문에라도 걍 묻어놓고
8만전자쯤 되면 팔려구요

올라가긴할텐데 언제가냐가 문제...ㅎㅎ",2
국장은 삼성💙,1
프로그램 순매수라 오늘은 버티겠다,2
에이치엘비에서도 신한공매들이 ㅠ 누르더니 ㄷㄷ,0
"형들 테슬라로 오세요 
잃으신거 오늘 10시반에 한번에 복구되는 부분이세요",1
뭐하는거임,1
좀 정신차려라 현생을 살고,1
휴ᆢ,1
개관들...,1
회사는 좋은대 투자하기에는 안좋은 회사  회사관련된 사람들은 이런걸 알까,2
최악이다,1
이게 왜 사지냐..,1
20년 하반기 22년 하반기 24년 하반기 주가가 똑같네,1
이 회사 망했나요,0
그 삼전이 인텔처럼 동네 바보형이 됐다고..?,1
"재용형님한테 500원줄까나
에라이~~~~^^",1
👍전 국민 단타주 ㅋㅋㅋㅋ,1
이제부터 10만전자 가나요,1
4만찍고 추세보고들어오세요. 당분간 접근금지,1
와.. 오전에 수익줄때 빠지고 다시 잡을걸 그랬네 국장은 진짜 예측이안되네,1
이주식은 크게 불안하지않음,1
오늘 음전할듯?,1
개미는 뚠뚠 오늘도 뚠뚠 까즈아아아아,1
간부들 보면 3만대가 적당하다고 본다,1
55~56에 매수하라,2
7층 살려주세요,0
7만전자 가즈아,2
"60000원대에 사야 겨우 수익 남길수 있음.

절대로 71000원 이상에서 매수 금지.",2
삼성 시미널이다,1
"7년전 삼성 = 반도체 시장 불탐, 메모리만 분기당 영익 10조 이상
지금 삼성 = AI 시장 불탐, 전자 전체 영익 10조 내외

주가가 5만원으로 비슷한게 더 이상한거 아닌가요?",1
개미 털면서 가야함,1
비중 좀 줄여야 겠다 ㅠ.ㅡ,1
기다리면 오를지니.. 당연히 추매 🫠🩵,0
여긴이제 단타영역이 아니네;;,1
칠만전자네 또,1
"폭탄이 터지기 전에 이 순간만을 모면하자는 느낌이 너무 강하게 듬

5만 전자 갈때 들어가신 분은 축하드리나

조만간 크게 터질거 같은 느낌이 듭니다",1
더 떨어져라,1
추매...,0
이거 얼마만의 육만전자냐?,1
외인이 계속매도해서 글러먹음,0
내일 국장은 또 떨어지겠죠 ㅠ,1
진짜개잡주 망해라,0
난배고프다ㅋㅋ,1
5만전자 못참지,1
너희도 끌려내려와라 이몇일 너희가 끌고내려갔의니 너희도 끌려내려와봐야지,1
평단 계속 줄여야지 ㅎ,1
지금 상태로는 8만원 위로 회복될려면 최소 2년이상은 걸릴거 같다..  ㄷㄷ,1
성투요,1
이제 곧 4만전자 될꺼같은데 손절 해야되나요?,0
"본전 복구만 시켜주십쇼...

그럼 다시는 삼전 안사겠슴다...",1
이아이는 어제나 오늘이나,1
"외인들 놀이터라니까

인버스 계속 비중있게 가져가야함

지금 삼성은 어닝쇼크, 전망 때문에 떨어지는 게 아님

경제위기, 전쟁 대비해서 빠지는 거

삼성이 빠진다는 의미는 곧 나머지 주식들도

추락할 예정에 있다는 거

달러, 금 올라가는 속도를 보세요",0
낼름,1
하 팔까말까,1
6만가것네 ㅋㅋ,1
니가 그럼 그렇지…,1
다시 내려오를시 기다리야지 (7만2천시 ),1
버거형들 ㅠ,1
삼전 폼 미쳤다!,2
"멎지게 한번 뛰어 올라보자
개미주의 힘을",2
어제가 저점이었네,0
"노태문 사장님 노태문입니다.
노때문이야...",1
캬 거꾸로만 가자,2
하루하루 오르는거도 내리는거도 찔끔찔끔이네요 ㅋㅋㅋ,1
"아예 그냥 국장하는 저지능아메바들을
손수 척결하시려 결단을 내리셧군요....
대ㅡㅡㅡㅡㅡㅡ윤ㅡㅡㅡㅡㅡㅡㅡㅡ카",1
22일 연속 매도 ㄷㄷ하네,0
주가 방어도 이제 쉽지않나보네ㅎㅎ,1
8땡전자 벽이너무높아보이긴하네,1
더더더올라라ㅏ라,2
집팔고 풀매수함,2
"더이상 기다리기 힘드네요
157주 180만원 손해보고 정리했습니다 ㅠ",0
"골든크로스 발생 개미 털면서 우상향 가주아

전고점 저항이지만 여기 뚫을 것 같음",2
665방어선 무너지면 633까지 고속도로 개방!!,0
와 외인을 이기는 삼전 대박!!!,2
주린이 등장,1
굿,1
뭐여 갑자기?,1
엉차,1
쫄리면죽어야겠지?,1
"최소 3개월은
개인이 미장 투자하는거
막아야하지않나?
달러 줄줄 세잖아",0
외인때메 족쳤네,1
저는 이정도까진 아니고 소소하게 3만전자 봅니다. ㅎㅎ,1
8월중순부터 45일간 25%주식 떨어졌으면 회사가 위기의식을 가져야할듯하네요,1
"-12% 이 정도도 고마워. 조금 더 올라가보자. 
아침부터 너로 인해 설렌다.",2
왜 주문쳤는데 그가격와도 대기인가여,1
호재 있으면 오르는거임? (주식5일차),2
ㄱㅆㄹ기 하나 추가요~,1
4만원에 매수 걸면 되나요?,2
"기고긴 기다림 드디어 올라오는구나
계속 올라가불자",2
"형님들 누님들 안녕하세요 다시 왔어요

1000주까지 25주 !!!",1
ㄱㅅ,1
트럼프 취임식하면 6만전자간다,2
와 삼전 주가 방어 미쳤네 컄ㅋㅋㅋㅋㅋㅋ,1
"칠칠맞게 떨어지는데 이왕 기다린거
칠칠까지 기다려 보렵니다!",1
퍼버벙!!,1
이재용 경영선에 물러나고 전문 기업인 앉히는게 맞아,1
"갑자기 납품 소식은 뭐임?

이게 어떻게 돌아가는거? 가우뚱",1
진짜 몇달 고생한 주주님들 뻥 뚫린 마음으로 보낼수 있다고! 이제 좀,1
징그럽다,1
"9/24일 엔비디아에서 평택공장에 왔다 갔습니다.
더 말이 필요할까 합니다",2
오늘도 서핑중,1
어제아래 55층에서 추매했다고 등시나ㅜㅋ,0
그래 그거야 좋았써,1
30.000만전자간다,2
방어중인가?,1
체결강도 ㄷㄷ..,1
아직도 기대하는 사람들이 있네..,1
"애증의
삼성,,, 물타기 해야되나 고민되네ㅜ",1
그만빠져라,1
돈 좀 빌려주세요,1
얘는 한결같다 정말 ㅋㅋ,1
이게 그 전설의 킹반영인가요??,1
와 어닝 서프라이즈 가즈아~~,2
버거형들 화끈하게 팔아제끼네 ㅋㅋ 어제 매도세 약해졌다더니 ㅋㅋㅋ,0
어 5.6에 사졌네 ㅋㅋㅋㅋㅋㅋㅋㅋㅋㅋ,1
애도썩은주식이네,1
"손가락 잘라버리고 시픈 사람
많겠다...",1
트럼프 당선으로 인한 과열이 좀씩 줄어드는거겉은데,1
"삼전은 걱정마세여 ㅋ ㅋ
올해안에 8만 찍을거에여~~
배당 받으면서 버티면 됩니당^^",1
오눌 첨으로 4주 사봤습니다 반갑습니다,1
6만6천원이하 매수기다리고 있음,2
"낼은  자사주 100만주 매싀한다카든데
정말인지 거짓인지  모르것네",1
국장은 진짜 모르겠다..,1
기관이 팔아제끼네,1
"쉿~  조용
자꾸 떠들고 찝쩍되면 도망가요
그냥 가만히 냅둬요",0
"마이나스20퍼 ㄷㄷ 삼전이라 놔두지
다른주식이였으면 빤스런했음",1
와... 수레기를 돈주고 산건가,1
